"","pb","bathy","chlomean","ppmean","odismean","salinity","tempmean","x","y","focal_rac_vect"
"1",1,-647,0.237365916371346,248.806137084961,0.00468506524339318,34.9622230529785,16.7449512481689,-2.25,43.75,1.53648648081604
"2",1,-994,0.23807892203331,249.314727783203,0.00540297711268067,35.3653221130371,16.4997024536133,-3.75,43.75,1.95136991582175
"3",1,-116,0.373750984668732,251.108016967773,0.0094568720087409,35.5038757324219,15.8101921081543,-6.75,43.75,1.02130769657994
"4",1,-114,0.264490872621536,249.880020141602,0.00784813892096281,34.6090240478516,16.654333114624,-1.75,43.75,0.981175316417331
"5",1,-96,0.25459685921669,251.348373413086,0.00531149143353105,33.9845809936523,16.5622444152832,-1.75,44.25,0.949383107432926
"6",1,-918,0.208069279789925,249.514190673828,0.00406271126121283,34.9159126281738,16.6788272857666,-2.25,44.25,1.84827973615974
"7",1,-4,0.532888352870941,255.828399658203,0.0113148633390665,31.4913311004639,16.0228862762451,-1.25,44.75,0.946697725703375
"8",1,-86,0.345601618289948,253.045227050781,0.0038810707628727,33.7619590759277,16.3881950378418,-1.75,44.75,0.935210211339866
"9",1,-1441,0.21880891919136,251.368194580078,0.00370947597548366,34.8613433837891,16.5733852386475,-2.25,44.75,2.41675027740664
"10",1,-943,0.231374591588974,251.416244506836,0.0036998437717557,35.4621925354004,16.2704658508301,-3.25,45.25,1.88540104252307
"11",1,-14,0.621995270252228,257.929748535156,0.026130797341466,31.6851215362549,15.6547966003418,-1.25,45.25,1.09991817823618
"12",1,-67,0.377993255853653,254.359817504883,0.00440357904881239,33.790771484375,16.0992164611816,-1.75,45.25,1.0674059149415
"13",1,-109,0.232045039534569,252.436782836914,0.00381479412317276,34.736515045166,16.3572959899902,-2.25,45.25,0.951286399998614
"14",1,-111,0.231354057788849,251.995651245117,0.00415562139824033,35.2386054992676,16.3557033538818,-2.75,45.25,0.952534044432451
"15",1,-4791,0.255463451147079,252.62126159668,0.00495703984051943,35.6884765625,15.793963432312,-5.75,45.25,4.82091469349997
"16",1,-113,0.25479519367218,252.774505615234,0.00403170799836516,35.3189277648926,15.9938440322876,-3.25,45.75,-0.128228249928545
"17",1,-4,0.433239370584488,256.920196533203,0.00879998411983252,32.9087600708008,15.1129417419434,-1.25,45.75,0.947180643703198
"18",1,-54,0.306861370801926,255.019927978516,0.0035491120070219,33.9230194091797,15.5081520080566,-1.75,45.75,0.930761880282698
"19",1,-83,0.245421841740608,253.079711914062,0.00336878304369748,34.658130645752,15.9137830734253,-2.25,45.75,0.938098376171573
"20",1,-67,0.245556443929672,252.685699462891,0.00399372400715947,35.0652313232422,16.0351219177246,-2.75,45.75,0.920517794698529
"21",1,-288,0.29222297668457,253.945190429688,0.00348967663012445,35.5138511657715,15.4571228027344,-4.25,46.25,1.16315030052327
"22",1,-2,0.359641581773758,258.408996582031,0.00848651304841042,33.684440612793,14.7398643493652,-1.25,46.25,0.950062458921153
"23",1,-25,0.355158567428589,257.546630859375,0.00623670127242804,34.0319328308105,14.8048553466797,-1.75,46.25,0.948874024206989
"24",1,-40,0.35193195939064,255.005767822266,0.0040309950709343,34.4539108276367,15.1796274185181,-2.25,46.25,0.928766019208667
"25",1,-101,0.310181617736816,254.072174072266,0.00390073005110025,34.8424224853516,15.5123891830444,-2.75,46.25,0.973410878800643
"26",1,-4772,0.350065618753433,254.655776977539,0.0072001121006906,35.694019317627,15.0579147338867,-10.25,46.25,4.83514668683333
"27",1,-108,0.281090259552002,253.903671264648,0.00435982504859567,35.1551551818848,15.6475257873535,-3.25,46.25,0.977211768334824
"28",1,-96,0.28732231259346,253.916412353516,0.00393420411273837,35.3753662109375,15.5914545059204,-3.75,46.25,0.961917019374337
"29",1,-110,0.363319754600525,255.722869873047,0.0049651307053864,34.9742279052734,15.1760377883911,-3.25,46.75,1.00294935502707
"30",1,-3349,0.363983482122421,255.999176025391,0.00674937898293138,35.606876373291,14.9171676635742,-5.75,46.75,4.00271005983476
"31",1,-121,0.313295096158981,255.53515625,0.00453513488173485,35.2443923950195,15.2591648101807,-3.75,46.75,0.570335407503102
"32",1,-278,0.307472705841064,255.698837280273,0.00423851376399398,35.3957176208496,15.1187181472778,-4.25,46.75,1.17346443562757
"33",1,-14,0.837980449199677,258.951629638672,0.0164511185139418,33.6587295532227,14.4495992660522,-2.25,46.75,1.04240343414586
"34",1,-57,0.639924347400665,257.069763183594,0.00766911637037992,34.4522247314453,14.8383274078369,-2.75,46.75,1.10721395597004
"35",1,-119,0.342211186885834,257.928558349609,0.00429119821637869,35.221004486084,14.7098560333252,-4.25,47.25,1.02147885189065
"36",1,-121,0.324671387672424,257.703308105469,0.00404837261885405,35.3396301269531,14.6056432723999,-4.75,47.25,1.0243318998478
"37",1,-136,0.338771402835846,257.565979003906,0.00421974016353488,35.437572479248,14.4859504699707,-5.25,47.25,1.04510041320044
"38",1,-2,1.51091122627258,266.096893310547,0.0520111173391342,32.2624588012695,13.9254379272461,-2.25,47.25,1.3992186408619
"39",1,-22,1.05762338638306,262.956817626953,0.0246782824397087,33.6170616149902,13.9937362670898,-2.75,47.25,1.14374185422121
"40",1,-64,0.591885924339294,259.59228515625,0.00888060685247183,34.7497634887695,14.33558177948,-3.25,47.25,1.02277532798202
"41",1,-101,0.407053649425507,258.151885986328,0.00565669871866703,35.0619697570801,14.7356748580933,-3.75,47.25,1.01527558748976
"42",1,-51,0.397872775793076,261.538024902344,0.00665312493219972,35.0700759887695,13.9848432540894,-4.25,47.75,1.00030333359637
"43",1,-132,0.358084857463837,258.898132324219,0.00505882175639272,35.4233551025391,14.2082605361938,-5.75,47.75,1.08647669984863
"44",1,-91,0.341068029403687,260.321624755859,0.00421008747071028,35.1937942504883,13.9671516418457,-4.75,47.75,1.01951061659108
"45",1,-147,0.386472195386887,258.379089355469,0.00507526146247983,35.4944725036621,14.1875143051147,-6.25,47.75,1.07511825546035
"46",1,-6,0.737086236476898,261.874328613281,0.0147670032456517,34.6017150878906,13.8925466537476,-3.25,47.75,1.03254019127774
"47",1,-34,0.510864078998566,261.871612548828,0.0100266467779875,34.8632469177246,14.0304021835327,-3.75,47.75,0.263076835371489
"48",1,-10,0.514688074588776,265.891815185547,0.0142644280567765,34.3715782165527,13.3354063034058,-1.75,48.75,1.05476108073469
"49",1,-14,0.30963721871376,265.246246337891,0.00908916536718607,35.028076171875,13.0397672653198,-3.75,48.75,1.01876486280346
"50",1,-24,0.302683860063553,264.706451416016,0.00638966029509902,35.0665740966797,12.8885650634766,-4.25,48.75,1.01052137413251
"51",1,-2,0.268110603094101,264.822845458984,0.00240439851768315,34.8016319274902,13.1606178283691,-2.25,49.25,0.94617648951255
"52",1,-12,0.732519924640656,269.304534912109,0.0212149117141962,34.3572959899902,12.8974008560181,0.25,49.75,1.13727697332643
"53",1,-34,0.221293270587921,266.892974853516,0.0014388004783541,34.7857246398926,12.9359760284424,-1.75,49.75,0.977946817340712
"54",1,-75,0.251492023468018,266.439453125,0.00165669142734259,35.0233001708984,13.2317028045654,-4.25,49.75,1.00892239918464
"55",1,-57,0.306692212820053,270.164337158203,0.0030023530125618,34.8559799194336,12.7541379928589,-3.25,50.25,1.02111550343876
"56",1,-47,0.41056102514267,268.147644042969,0.00284952437505126,34.4776458740234,12.8231325149536,-0.25,50.25,1.00984383319692
"57",1,-29,1.0585697889328,270.483703613281,0.0154283568263054,34.2457656860352,12.8159055709839,0.75,50.25,1.10614226512044
"58",1,-20,0.557710766792297,271.715942382812,0.0127530144527555,33.9298210144043,12.609278678894,0.25,50.75,1.08247181613335
"59",1,-35,0.697891771793365,272.936950683594,0.015279253013432,34.0001449584961,12.6313495635986,0.75,50.75,1.12026111009813
"60",1,-26,0.771097362041473,270.839385986328,0.0112162986770272,34.1021308898926,12.6352643966675,1.25,50.75,1.07253791323797
"61",1,-22,0.482546418905258,271.958099365234,0.0130552286282182,33.9517021179199,12.621148109436,-0.25,50.75,0.696390549319732
"62",1,-3,0.446861922740936,273.227508544922,0.0117553034797311,34.2388687133789,12.6711530685425,-1.25,50.75,0.568274985760141
"63",1,-10,0.417108207941055,273.266876220703,0.0101092783734202,34.4626312255859,12.6702671051025,-1.75,50.75,1.04169974065393
"64",1,-24,1.11918091773987,277.050109863281,0.0284706484526396,32.4132881164551,12.3846578598022,-4.25,51.25,1.25553630815263
"65",1,-91,0.383476555347443,270.416015625,0.00389746879227459,34.9006271362305,12.7783451080322,-7.25,51.25,1.06324364080984
"66",1,-32,0.567470192909241,272.389038085938,0.00911243818700314,33.4667892456055,12.5268220901489,-4.75,51.25,1.06889122427848
"67",1,-97,0.439689636230469,270.672821044922,0.00466440944001079,34.9140586853027,12.7527141571045,-7.75,51.25,1.07737153852987
"68",1,-35,0.682074904441833,272.964996337891,0.0108490297570825,34.0551643371582,12.5265817642212,1.75,51.25,1.0832117356039
"69",1,-67,0.37587109208107,270.089385986328,0.00324679282493889,34.19921875,12.7414560317993,-5.25,51.25,1.03913692065602
"70",1,-79,0.335777431726456,269.611145019531,0.00317367259413004,34.5851097106934,12.8410673141479,-5.75,51.25,1.04428495051468
"71",1,-11,0.68992292881012,273.016021728516,0.0112938145175576,33.7100982666016,12.5544557571411,2.25,51.25,1.06354412704406
"72",1,-6,0.832745909690857,273.414459228516,0.0129325175657868,33.2574768066406,12.4836683273315,2.75,51.25,1.07931323694647
"73",1,-112,0.337852388620377,269.699462890625,0.00331856519915164,34.8098831176758,12.8076839447021,-6.25,51.25,1.07976317323304
"74",1,-26,0.814757287502289,274.155883789062,0.0138282170519233,33.4487686157227,12.4023456573486,2.75,51.75,1.11041077969894
"75",1,-68,0.520890772342682,272.273284912109,0.00522535154595971,34.6556358337402,12.3612937927246,-6.75,51.75,1.06864688104004
"76",1,-3,1.14288580417633,274.390258789062,0.0156526397913694,32.5665969848633,12.3038110733032,-4.25,51.75,1.11332576661389
"77",1,-18,1.20127964019775,277.568389892578,0.0305430665612221,31.6894817352295,12.2629480361938,3.25,51.75,1.2797789387632
"78",1,-71,0.601121187210083,273.004821777344,0.00646165013313293,34.688175201416,12.418083190918,-7.25,51.75,1.08062003519943
"79",1,-11,1.5636078119278,278.472686767578,0.0366250984370708,30.2998123168945,12.1314172744751,3.75,51.75,0.168949235426741
"80",1,-39,0.695485949516296,274.748870849609,0.0191072002053261,34.6133232116699,12.2858953475952,-8.25,51.75,1.16878990950496
"81",1,-11,0.954441130161285,275.908782958984,0.0219744779169559,34.1211242675781,12.1852464675903,1.25,51.75,0.675066085089748
"82",1,-17,1.69509077072144,279.579986572266,0.0412659533321857,30.4005928039551,12.0584077835083,4.25,51.75,1.40320127841241
"83",1,-31,0.60797530412674,272.551635742188,0.00788341835141182,34.2238807678223,12.3268222808838,1.75,51.75,1.0583815021336
"84",1,-80,0.400173217058182,270.983062744141,0.00372433569282293,34.3856048583984,12.3409061431885,-5.75,51.75,1.07060237752347
"85",1,-34,0.612254023551941,272.638092041016,0.00887267384678125,34.0573654174805,12.4351682662964,2.25,51.75,1.06767576654348
"86",1,-92,0.437753587961197,271.422088623047,0.00409440323710442,34.5937957763672,12.3859882354736,-6.25,51.75,1.08331373962558
"87",1,-38,0.64489883184433,273.228729248047,0.00848448742181063,34.1127853393555,12.178014755249,2.75,52.25,1.07766587727704
"88",1,-19,1.48368906974792,279.381103515625,0.0347004197537899,31.5028591156006,12.0920391082764,3.75,52.25,1.32998858525914
"89",1,-32,0.637167930603027,272.510681152344,0.00891812331974506,34.1369895935059,11.9320621490479,-4.75,52.25,1.08438741579254
"90",1,-15,1.72146153450012,282.360015869141,0.0511334761977196,30.2694854736328,12.046441078186,4.25,52.25,0.831503028554911
"91",1,-23,0.491069406270981,273.097686767578,0.00549389282241464,34.2647094726562,11.8694181442261,1.75,52.25,1.04538454890686
"92",1,-37,0.54412168264389,273.972198486328,0.00697952089831233,34.3845062255859,11.7710523605347,-6.25,52.25,1.07622916505128
"93",1,-48,0.48780483007431,272.7138671875,0.00554863549768925,34.2687301635742,12.0034217834473,2.25,52.25,1.06701376558423
"94",1,-39,0.420480221509933,274.117797851562,0.00417053978890181,34.2978668212891,11.4651794433594,2.25,52.75,1.06514725710043
"95",1,-38,0.471985787153244,273.843414306641,0.00510373758152127,34.2621917724609,11.7848691940308,2.75,52.75,1.0607618027524
"96",1,-26,0.698072135448456,274.950958251953,0.00960064865648746,34.0371932983398,11.9439287185669,3.25,52.75,1.08456771227337
"97",1,-24,1.08272469043732,277.722106933594,0.0209568813443184,33.4472122192383,11.9555349349976,3.75,52.75,1.19226501576935
"98",1,-61,0.606893539428711,274.151458740234,0.00781074725091457,34.4201126098633,11.5583620071411,-5.75,52.75,1.11727272865693
"99",1,-19,1.44730079174042,279.908111572266,0.0271867867559195,31.3651733398438,11.9191379547119,5.25,52.75,1.26501032138048
"100",1,-21,1.39213788509369,281.056182861328,0.0285564679652452,32.1960754394531,11.9318065643311,4.25,52.75,1.27306178505509
"101",1,-22,0.431735754013062,274.956115722656,0.00456009479239583,34.2424087524414,11.2370920181274,1.75,52.75,1.05980524171265
"102",1,-62,0.867594361305237,271.231964111328,0.01732605881989,34.4705848693848,12.12233543396,-9.75,52.75,1.18487174081045
"103",1,-44,0.724295139312744,275.148132324219,0.00978921446949244,34.3381233215332,11.4088096618652,-5.75,53.25,1.12366202057453
"104",1,-24,0.653340280056,276.389770507812,0.00754722347483039,34.1153450012207,11.7429695129395,3.75,53.25,1.07081146571724
"105",1,-19,0.50599879026413,276.062835693359,0.0057771853171289,34.2749786376953,10.8463621139526,1.25,53.25,1.08215148055803
"106",1,-25,0.414242655038834,275.83154296875,0.00397954881191254,34.3173065185547,10.9632387161255,1.75,53.25,1.0674449036388
"107",1,-27,0.935899972915649,278.362121582031,0.0187735203653574,33.4924507141113,11.8217077255249,4.25,53.25,1.17983619955197
"108",1,-9,1.16951894760132,280.038299560547,0.0252889674156904,32.274486541748,11.8411111831665,4.75,53.25,1.23109170913838
"109",1,-25,0.382368594408035,275.570922851562,0.00345271965488791,34.3798065185547,11.1869201660156,2.25,53.25,1.05380807779771
"110",1,-27,0.388417512178421,275.601287841797,0.0034708995372057,34.3642692565918,11.4379968643188,2.75,53.25,0.68517513315316
"111",1,-107,0.587981581687927,273.599487304688,0.0056807124055922,34.3469886779785,11.5257205963135,-5.25,53.25,1.18946130222841
"112",1,-10,0.765626728534698,276.578125,0.0113802216947079,33.8354835510254,10.8853330612183,0.75,53.25,1.12593801313586
"113",1,-25,0.465695798397064,275.688629150391,0.00437399744987488,34.2821159362793,11.6270418167114,3.25,53.25,1.04636372020557
"114",1,-18,0.675754904747009,277.075073242188,0.00911648944020271,34.1582679748535,10.3343696594238,0.25,53.75,0.517281808928149
"115",1,-24,0.862837612628937,279.338714599609,0.0151915242895484,32.7622909545898,11.4945421218872,6.25,53.75,1.16162251910629
"116",1,-68,0.597598791122437,273.876190185547,0.00628082081675529,34.2865104675293,11.5091199874878,-5.25,53.75,1.11364860696995
"117",1,-30,0.574138939380646,276.83544921875,0.00594787346199155,34.2845916748047,10.4108743667603,0.75,53.75,0.656968073585541
"118",1,-40,0.352649360895157,276.800079345703,0.00281586521305144,34.488842010498,11.3779201507568,3.25,53.75,1.05578970993191
"119",1,-11,0.864067375659943,279.65576171875,0.015631228685379,32.4833450317383,11.3665590286255,6.75,53.75,1.15880298943469
"120",1,-75,0.748116791248322,274.575897216797,0.0112642291933298,34.2230262756348,11.4788551330566,-5.75,53.75,1.16933591020024
"121",1,-37,0.390711963176727,276.846893310547,0.00303246499970555,34.4340896606445,11.5196552276611,3.75,53.75,1.04971304218194
"122",1,-11,0.841533243656158,280.321655273438,0.0176208894699812,32.2539138793945,11.2324371337891,7.25,53.75,1.18466177786138
"123",1,-6,0.898671567440033,280.720520019531,0.0152533026412129,31.8779449462891,11.2211856842041,7.75,53.75,1.16038543854092
"124",1,-11,0.880717098712921,275.668487548828,0.0175813212990761,34.1407279968262,11.3225564956665,-6.25,53.75,1.16538572986796
"125",1,-26,0.463719606399536,277.142272949219,0.00458740489557385,34.4319725036621,10.558277130127,1.25,53.75,1.08845825317143
"126",1,-3,1.24703025817871,284.462036132812,0.0287936292588711,30.7429447174072,11.40358543396,8.25,53.75,1.28856986393658
"127",1,-32,0.832321107387543,275.48046875,0.00832962710410357,33.4777030944824,11.4044532775879,-3.75,53.75,1.10433864289546
"128",1,-29,0.399670958518982,277.258697509766,0.00373883475549519,34.5065765380859,10.7534761428833,1.75,53.75,1.07592884483607
"129",1,-38,0.512362480163574,276.845062255859,0.00456405011937022,34.3178825378418,11.6218843460083,4.25,53.75,1.06159256722491
"130",1,-65,0.763052999973297,270.353668212891,0.015092165209353,35.1191635131836,11.8255710601807,-10.25,53.75,1.17348938203814
"131",1,-34,0.69792377948761,277.279876708984,0.00906556658446789,34.0470504760742,11.6907873153687,4.75,53.75,1.09776104869136
"132",1,-50,0.559056460857391,273.551635742188,0.00492149218916893,34.1010208129883,11.3693170547485,-4.75,53.75,1.0887671914247
"133",1,-119,0.681288957595825,269.275329589844,0.0140634085983038,35.3021125793457,12.1640615463257,-10.75,53.75,1.2084903070811
"134",1,-27,0.363619059324265,277.012176513672,0.00321111502125859,34.537971496582,10.966121673584,2.25,53.75,1.06078753258715
"135",1,-36,0.347646981477737,276.863494873047,0.00272393692284822,34.5273094177246,11.1765270233154,2.75,53.75,1.05802685777589
"136",1,-29,0.844671726226807,278.101531982422,0.01318843010813,33.6052207946777,11.6841316223145,5.25,53.75,1.13418390003809
"137",1,-25,0.882432043552399,278.993133544922,0.0161780659109354,33.1327209472656,11.607533454895,5.75,53.75,1.16454698476933
"139",1,-35,0.675757586956024,277.948852539062,0.00833140034228563,33.6145706176758,11.3812494277954,6.75,54.25,1.28264326031462
"141",1,-46,0.445418238639832,277.794250488281,0.00416668131947517,34.6059074401855,10.5671453475952,1.25,54.25,1.10737025890269
"142",1,-48,0.299995601177216,277.029022216797,0.00184996775351465,34.5763626098633,11.4669418334961,4.25,54.25,1.27164439329462
"143",1,-28,0.863674998283386,276.561828613281,0.0097298976033926,33.4133415222168,11.2927808761597,-3.75,54.25,1.14346377796929
"144",1,-44,0.400296032428741,277.704467773438,0.00337999779731035,34.6537055969238,10.7401094436646,1.75,54.25,0.244883524358459
"145",1,-44,0.350841462612152,276.72265625,0.00222216569818556,34.4581260681152,11.5390720367432,4.75,54.25,1.1177360590884
"146",1,-37,0.708292305469513,278.746612548828,0.0101889818906784,33.0624542236328,11.2742748260498,7.25,54.25,1.08791718275778
"147",1,-25,0.728671550750732,275.322387695312,0.00671382853761315,33.7273254394531,11.2414722442627,-4.25,54.25,-0.283375163102208
"148",1,-41,0.367826133966446,277.543426513672,0.00293962354771793,34.667724609375,10.9470109939575,2.25,54.25,1.13522553299051
"149",1,-31,0.765014469623566,279.600006103516,0.010650890879333,32.370475769043,11.2445077896118,7.75,54.25,1.08634533423629
"150",1,-8,0.647347927093506,274.342651367188,0.00634358776733279,34.0355415344238,11.2206268310547,-4.75,54.25,1.07278345784084
"151",1,-44,0.33849960565567,277.421905517578,0.00261725997552276,34.6654891967773,11.1065053939819,2.75,54.25,1.13973142063298
"152",1,-110,0.646060466766357,273.8017578125,0.00677627604454756,34.2560195922852,11.1768808364868,-5.25,54.25,1.06339974713404
"153",1,-41,0.431289285421371,276.684234619141,0.00299652642570436,34.3023223876953,11.565146446228,5.25,54.25,0.577764024033824
"154",1,-19,0.735589981079102,274.421997070312,0.00952559430152178,34.2290840148926,11.1355838775635,-5.75,54.25,1.17709055793679
"155",1,-36,0.517941176891327,277.035400390625,0.00476802047342062,34.1425094604492,11.5625801086426,5.75,54.25,1.05289109158689
"156",1,-13,1.11364722251892,282.537689208984,0.017870219424367,31.229772567749,11.2613735198975,8.25,54.25,0.447707600711526
"158",1,-49,0.63344544172287,278.398193359375,0.0089913634583354,34.2937355041504,10.4215669631958,0.25,54.25,1.0649271430858
"159",1,-41,0.31110543012619,277.405731201172,0.00230621197260916,34.6548461914062,11.2246417999268,3.25,54.25,1.19646682258074
"160",1,-20,1.59023153781891,287.847442626953,0.0429792553186417,29.349048614502,11.3294486999512,8.75,54.25,1.31716336729543
"161",1,-25,0.808376550674438,280.105316162109,0.0176653638482094,34.0929336547852,10.3453903198242,-0.25,54.25,1.16038205681609
"162",1,-50,0.75403219461441,270.061859130859,0.0168541148304939,35.2293128967285,11.8225507736206,-10.25,54.25,1.05671561563895
"163",1,-38,0.513951897621155,277.726409912109,0.00584985688328743,34.4889755249023,10.4777870178223,0.75,54.25,1.46299843330645
"164",1,-43,0.291982650756836,277.327819824219,0.00186467391904444,34.6400527954102,11.3482828140259,3.75,54.25,1.22067042117711
"165",1,-36,0.604178547859192,277.427154541016,0.0057693743146956,33.9363174438477,11.5027494430542,6.25,54.25,1.17283770679035
"166",1,-6,0.8133704662323,271.178192138672,0.0184214375913143,35.1225051879883,11.7195587158203,-9.25,54.25,1.11549170337641
"168",1,-69,0.484966516494751,278.199462890625,0.00502018863335252,34.6289558410645,10.7912664413452,0.75,54.75,1.05032876809407
"169",1,-44,0.295454293489456,277.972686767578,0.00209443084895611,34.7361488342285,11.0905380249023,3.75,54.75,1.07786207655113
"170",1,-50,0.841242432594299,281.120239257812,0.022037535905838,34.2837219238281,10.4737167358398,-0.75,54.75,1.14435524883516
"172",1,-39,0.452083468437195,277.916870117188,0.00441450625658035,34.0654487609863,11.4499073028564,6.25,54.75,1.31557490953284
"173",1,-90,0.770728707313538,270.840759277344,0.0139226205646992,35.2070770263672,11.8078842163086,-9.25,54.75,1.12801870819363
"176",1,-36,0.569951236248016,278.829040527344,0.00791783630847931,33.5371322631836,11.3645801544189,6.75,54.75,1.06236184470787
"177",1,-6,1.07842445373535,279.436218261719,0.0259293150156736,33.3469734191895,11.0327024459839,-3.75,54.75,1.28413209616344
"178",1,-101,0.737080276012421,269.942138671875,0.0149027751758695,35.3024215698242,11.938042640686,-9.75,54.75,1.33592004326799
"180",1,-35,0.445719718933105,278.191558837891,0.00431191269308329,34.6922836303711,10.7234354019165,1.25,54.75,1.06974145713792
"181",1,-49,0.27689653635025,277.904388427734,0.00179485778789967,34.6822204589844,11.2007780075073,4.25,54.75,1.18994464003688
"184",1,-45,0.279307454824448,277.737274169922,0.00179346720688045,34.607723236084,11.2853469848633,4.75,54.75,1.25565461659875
"187",1,-24,0.62651652097702,280.167907714844,0.00868336111307144,32.929027557373,11.1608304977417,7.25,54.75,1.3320725184855
"188",1,-23,0.956351637840271,278.018798828125,0.0185548830777407,33.4292030334473,11.0559062957764,-4.25,54.75,1.10589521882513
"190",1,-23,0.399773061275482,277.507690429688,0.00394958816468716,34.7546119689941,10.9290065765381,2.25,54.75,1.25741167152887
"191",1,-16,0.686345458030701,281.325988769531,0.00963336229324341,32.2676811218262,10.9829235076904,7.75,54.75,1.20548102149427
"193",1,-22,0.369425117969513,277.625885009766,0.00346533511765301,34.7660751342773,10.9869394302368,2.75,54.75,1.30715848831553
"194",1,-172,0.813886761665344,274.673187255859,0.0107296528294683,34.2800369262695,10.8715515136719,-5.25,54.75,1.08717884545619
"196",1,-43,0.297764301300049,277.625854492188,0.00185527419671416,34.5350151062012,11.328953742981,5.25,54.75,1.06118972658112
"199",1,-41,0.344855815172195,277.536743164062,0.00228491378948092,34.3805770874023,11.397274017334,5.75,54.75,1.28573267876265
"200",1,-11,0.894250988960266,283.726989746094,0.0141206430271268,31.1154022216797,10.9176750183105,8.25,54.75,1.29490766473196
"204",1,-62,0.569157898426056,278.593719482422,0.00656036473810673,34.5681495666504,10.8114719390869,0.25,54.75,1.05438820226537
"205",1,-40,0.330692291259766,277.876403808594,0.0026586560998112,34.7620735168457,11.0230293273926,3.25,54.75,1.28641161612843
"206",1,-61,0.718316256999969,279.428924560547,0.0103241400793195,34.4344520568848,10.677375793457,-0.25,54.75,0.935629310983502
"207",1,-3,0.88016539812088,273.139892578125,0.0203798729926348,35.096134185791,11.3268136978149,-7.75,55.25,1.11272186156244
"208",1,-67,0.459296256303787,278.837219238281,0.00453699007630348,34.730411529541,10.866229057312,0.75,55.25,1.18581091310241
"209",1,-9,0.702372431755066,283.729278564453,0.0110427746549249,31.7601909637451,10.7843894958496,8.25,55.25,1.30097709925753
"211",1,-29,0.39390841126442,278.694244384766,0.00378186977468431,34.8270874023438,10.8018503189087,3.25,55.25,1.06294910038367
"212",1,-41,0.298992961645126,278.6494140625,0.00209087575785816,34.6604385375977,10.9947929382324,5.25,55.25,1.12501232273756
"215",1,-39,0.359254091978073,278.867828369141,0.00309254741296172,34.8192329406738,10.8296422958374,3.75,55.25,1.30759266688173
"217",1,-44,0.323348462581635,278.329040527344,0.00216912804171443,34.5047187805176,11.1273946762085,5.75,55.25,1.05527681771568
"220",1,-21,0.790488302707672,271.92822265625,0.0196604318916798,35.1487045288086,11.544132232666,-8.25,55.25,1.29635687070886
"222",1,-48,0.448909282684326,278.79248046875,0.00427163997665048,34.7454986572266,10.7934722900391,1.25,55.25,1.37721594400109
"223",1,-74,0.531865239143372,278.632141113281,0.00578216882422566,34.666675567627,10.7639789581299,-0.25,55.25,1.14814683581047
"224",1,-33,0.446093618869781,278.826629638672,0.00456572137773037,34.7733993530273,10.7663745880127,1.75,55.25,1.27668845827455
"225",1,-69,0.609215378761292,278.159240722656,0.00670416140928864,34.5618705749512,10.5364627838135,-0.75,55.25,1.2865231639427
"227",1,-43,0.329750955104828,278.997589111328,0.00262768543325365,34.7865409851074,10.8818216323853,4.25,55.25,1.05218392216881
"229",1,-104,0.695941746234894,269.691864013672,0.0141565315425396,35.3166694641113,11.8870038986206,-9.25,55.25,1.17330931196869
"230",1,-47,0.415694355964661,278.545776367188,0.00384935783222318,34.1016120910645,11.2617530822754,6.25,55.25,1.26252185826476
"232",1,-45,0.308408081531525,278.779327392578,0.0022141479421407,34.7360229492188,10.9322729110718,4.75,55.25,0.301505338557098
"235",1,-32,0.528721570968628,279.773468017578,0.00683648372069001,33.5185928344727,11.2153072357178,6.75,55.25,2.70075594164527
"237",1,-33,0.440756559371948,278.858154296875,0.004502531606704,34.7981224060059,10.7815837860107,2.25,55.25,1.13444238421955
"238",1,-75,0.696919918060303,279.214630126953,0.012189008295536,34.4448776245117,10.2093324661255,-1.25,55.25,1.06558401018722
"241",1,-28,0.424294501543045,278.700836181641,0.00426605949178338,34.8159599304199,10.7934694290161,2.75,55.25,0.753410046804738
"242",1,-48,1.13233137130737,277.945037841797,0.0268325079232454,34.3724098205566,10.8542098999023,-5.25,55.25,1.17500674251445
"244",1,-22,0.591918051242828,281.044067382812,0.00778039824217558,32.9898529052734,11.0135374069214,7.25,55.25,1.11769127158498
"245",1,-45,0.888506889343262,276.226684570312,0.0157780740410089,34.8021278381348,10.7929811477661,-6.25,55.25,1.14228580514206
"247",1,-76,0.486397564411163,278.942260742188,0.00520404241979122,34.7223014831543,10.8760089874268,0.25,55.25,0.252362864759645
"250",1,-52,0.862613439559937,273.849731445312,0.013634623028338,35.0895652770996,11.184419631958,-7.25,55.75,1.07198063297664
"252",1,-75,0.467483133077621,279.078857421875,0.00520712463185191,34.8334884643555,10.7626123428345,0.25,55.75,1.06336819816007
"254",1,-74,0.781043827533722,271.832244873047,0.0125862611457705,35.2198333740234,11.5931339263916,-7.75,55.75,1.36058368749165
"255",1,-78,0.450171440839767,279.140930175781,0.00491934642195702,34.8418960571289,10.7714214324951,0.75,55.75,1.29327535328424
"256",1,-50,0.428937911987305,279.374420166016,0.00421229610219598,34.887866973877,10.6804714202881,3.25,55.75,1.07530777372712
"257",1,-51,0.334277004003525,279.600219726562,0.00248584989458323,34.690616607666,10.7886295318604,5.25,55.75,1.37342143509184
"260",1,-42,0.412992209196091,279.662506103516,0.00398008059710264,34.8885841369629,10.6526441574097,3.75,55.75,1.06345171035137
"261",1,-98,0.73824679851532,271.229339599609,0.0130139626562595,35.2886161804199,11.7686214447021,-8.25,55.75,1.36777621210607
"263",1,-48,0.332409620285034,279.007629394531,0.00223083118908107,34.5070495605469,10.9810781478882,5.75,55.75,1.30014973214297
"265",1,-88,0.438280642032623,279.044311523438,0.00475626531988382,34.8758964538574,10.7734718322754,1.25,55.75,1.17903014889094
"266",1,-74,0.493401169776917,278.842590332031,0.00578481564298272,34.8157730102539,10.7020149230957,-0.25,55.75,1.35106058191447
"267",1,-76,0.432202130556107,278.863677978516,0.00443664146587253,34.8916130065918,10.7796993255615,1.75,55.75,1.09756401929139
"268",1,-69,0.529839038848877,278.457580566406,0.00638096872717142,34.7353401184082,10.5494165420532,-0.75,55.75,-0.0422538594147333
"269",1,-34,0.390814989805222,279.941040039062,0.00362637266516685,34.8729476928711,10.6427822113037,4.25,55.75,1.08509656241943
"271",1,-44,0.387579888105392,279.121185302734,0.00305188866332173,34.2463912963867,11.1105031967163,6.25,55.75,1.15413699773156
"272",1,-37,0.36337074637413,280.006927490234,0.00312447571195662,34.8123474121094,10.6703653335571,4.75,55.75,1.31476697488742
"275",1,-35,0.475712388753891,279.825439453125,0.00516613991931081,33.831127166748,11.0494413375854,6.75,55.75,1.07360356126853
"276",1,-66,0.597006976604462,278.455810546875,0.00815782230347395,34.5685577392578,10.2895555496216,-1.25,55.75,1.32817496439774
"278",1,-77,0.434354513883591,278.875610351562,0.00427570380270481,34.8796463012695,10.7634439468384,2.25,55.75,1.20361802233172
"279",1,-43,0.680264055728912,278.756805419922,0.0114581836387515,34.3640823364258,10.0932216644287,-1.75,55.75,1.07990504976076
"281",1,-26,0.549606442451477,281.456085205078,0.0072860443033278,33.2336349487305,10.8427829742432,7.25,55.75,1.31806221017168
"283",1,-64,0.436107695102692,279.085906982422,0.00434707663953304,34.8814430236816,10.723593711853,2.75,55.75,1.07045979387066
"284",1,-29,0.509665489196777,281.186645507812,0.00603983597829938,33.6070175170898,10.8126106262207,7.25,56.25,1.37239698850683
"285",1,-125,0.643485963344574,270.189666748047,0.012881962582469,35.3523864746094,11.7280712127686,-8.75,56.25,1.36454845448096
"286",1,-67,0.410295605659485,280.692993164062,0.00361799006350338,34.8923568725586,10.5464973449707,4.25,56.25,1.09756155475835
"287",1,-70,0.531236112117767,279.102569580078,0.00665391469374299,34.8547630310059,10.4514579772949,-0.75,56.25,1.38644369053334
"289",1,-49,0.393635302782059,280.727569580078,0.00336839933879673,34.8479957580566,10.5617837905884,4.75,56.25,1.08374923514139
"291",1,-114,0.421443164348602,278.863525390625,0.004558140411973,34.9881172180176,10.6989793777466,1.25,56.25,1.22342927570726
"292",1,-456,0.514459013938904,266.376892089844,0.00871091149747372,35.396900177002,11.8642292022705,-9.25,56.25,1.32039476628683
"293",1,-52,0.369195222854614,280.553527832031,0.00301988190039992,34.7503471374512,10.6598711013794,5.25,56.25,1.2307380845903
"294",1,-103,0.411564409732819,278.910125732422,0.00415858626365662,34.9852409362793,10.7213640213013,1.75,56.25,1.07571552182614
"295",1,-64,0.572784125804901,278.62158203125,0.00710257049649954,34.7433815002441,10.2756929397583,-1.25,56.25,1.31235518004664
"296",1,-45,0.356357425451279,280.055572509766,0.0026095591019839,34.5411415100098,10.8249921798706,5.75,56.25,1.3540180014003
"297",1,-47,0.673304617404938,278.727630615234,0.00846714712679386,34.5347023010254,10.1317405700684,-1.75,56.25,1.10743940292078
"299",1,-78,0.411947280168533,279.08935546875,0.00403263652697206,34.965503692627,10.685604095459,2.25,56.25,1.20126969402991
"301",1,-68,0.416791379451752,279.497131347656,0.00393782975152135,34.957633972168,10.6233406066895,2.75,56.25,1.3633825196961
"302",1,-38,0.379704087972641,279.951751708984,0.00296223210170865,34.2956123352051,10.9260196685791,6.25,56.25,1.1332651679239
"303",1,-84,0.723444640636444,273.444702148438,0.0106667568907142,35.0222015380859,11.2389631271362,-7.25,56.25,1.35209777961263
"304",1,-52,0.913796186447144,280.797119140625,0.0145054748281837,34.1691093444824,10.0144119262695,-2.25,56.25,1.35906426062996
"305",1,-37,0.436531454324722,280.328796386719,0.00389761081896722,34.0279426574707,10.9144058227539,6.75,56.25,1.1709256876126
"306",1,-112,0.699153006076813,272.630584716797,0.0110295666381717,35.1646842956543,11.4592199325562,-7.75,56.25,1.32909140026742
"307",1,-64,0.420091986656189,280.031097412109,0.00390000245533884,34.948314666748,10.574951171875,3.25,56.25,1.13571337494525
"308",1,-96,0.461653858423233,279.092651367188,0.00537985470145941,34.9425773620605,10.629581451416,0.25,56.25,1.20942916487792
"310",1,-70,0.418750137090683,280.350067138672,0.00371752865612507,34.9252128601074,10.5514488220215,3.75,56.25,1.16808913619901
"311",1,-95,0.437999337911606,278.940948486328,0.00499302009120584,34.963924407959,10.6591501235962,0.75,56.25,0.557182609408807
"312",1,-144,0.705813765525818,272.158233642578,0.013070672750473,35.2736625671387,11.5511922836304,-8.25,56.25,1.10234960825201
"315",1,-84,0.495793461799622,279.233245849609,0.0060812751762569,34.9185409545898,10.5755949020386,-0.25,56.25,1.08507017912652
"316",1,-126,0.48267787694931,279.475463867188,0.00578392902389169,35.005069732666,10.5247955322266,0.25,56.75,1.37029912850285
"318",1,-27,0.490889430046082,281.754516601562,0.00578397605568171,33.7782516479492,10.7295722961426,7.25,56.75,1.30388000077116
"319",1,-110,0.454716354608536,279.247009277344,0.00528732873499393,35.0287055969238,10.5717182159424,0.75,56.75,1.09274429264161
"320",1,-141,0.710144221782684,273.526947021484,0.0123089132830501,35.2001876831055,11.2739782333374,-8.25,56.75,1.19105528390756
"321",1,-70,0.517390251159668,279.603363037109,0.00657528731971979,34.9713439941406,10.4557771682739,-0.25,56.75,1.30982273556045
"322",1,-27,0.549775958061218,282.999847412109,0.00803129095584154,33.2496376037598,10.6561374664307,7.75,56.75,0.869044512224392
"323",1,-48,0.433720856904984,281.560333251953,0.00416403682902455,34.8510818481445,10.4025297164917,4.25,56.75,1.35245942297179
"324",1,-68,0.549193799495697,279.225769042969,0.00705852312967181,34.9223365783691,10.3160438537598,-0.75,56.75,1.14486044324836
"327",1,-116,0.435132205486298,279.226043701172,0.00492675229907036,35.0379791259766,10.6050548553467,1.25,56.75,1.14249888330913
"329",1,-56,0.408184319734573,281.371490478516,0.00344099500216544,34.7173004150391,10.5020046234131,5.25,56.75,1.14291963718476
"330",1,-58,0.58526474237442,278.611877441406,0.00748722441494465,34.8425941467285,10.1031303405762,-1.25,56.75,1.14920989870298
"331",1,-48,0.400866329669952,281.071411132812,0.00324514834210277,34.5829010009766,10.6026639938354,5.75,56.75,1.08151965712183
"332",1,-57,0.67214298248291,274.805725097656,0.00872376840561628,34.9306640625,10.8979234695435,-6.75,56.75,1.35258341491583
"333",1,-62,0.672251641750336,278.803863525391,0.00931033119559288,34.7357368469238,9.89856052398682,-1.75,56.75,1.07408692475142
"335",1,-66,0.420774191617966,280.267242431641,0.00407663453370333,34.9941444396973,10.4805812835693,2.75,56.75,1.07956666012532
"337",1,-56,0.863514482975006,280.039276123047,0.0146683491766453,34.4776306152344,9.79549312591553,-2.25,56.75,1.34504058396112
"338",1,-41,0.408931642770767,281.073059082031,0.00344298430718482,34.3840408325195,10.6793794631958,6.25,56.75,1.38712368984725
"339",1,-154,0.675436973571777,274.105163574219,0.00821976270526648,35.026195526123,11.0307502746582,-7.25,56.75,1.08934974888355
"341",1,-39,0.438050091266632,281.248107910156,0.00386370555497706,34.1396598815918,10.7241535186768,6.75,56.75,1.15444363860716
"342",1,-61,0.435020625591278,281.262176513672,0.00420139078050852,34.9071922302246,10.401535987854,3.75,56.75,1.26952122343502
"343",1,-75,0.57807320356369,279.041839599609,0.00780306570231915,34.9659080505371,10.177417755127,-0.75,57.25,1.12883033473738
"344",1,-62,0.470522791147232,281.3994140625,0.00506996922194958,34.8551979064941,10.2915019989014,3.75,57.25,1.18936800876095
"346",1,-69,0.613645434379578,278.595672607422,0.00809386651962996,34.9258041381836,9.98654365539551,-1.25,57.25,1.33394634756417
"347",1,-60,0.470124244689941,282.143585205078,0.00514592975378036,34.5622406005859,10.3795375823975,5.25,57.25,1.11179753659787
"348",1,-105,0.722655355930328,273.885864257812,0.012256377376616,35.2318878173828,11.2332105636597,-8.25,57.25,-0.0399240635640335
"349",1,-91,0.532845437526703,280.080810546875,0.00703777885064483,35.0403442382812,10.4409971237183,0.25,57.25,1.11699911831229
"350",1,-66,0.679679453372955,278.859558105469,0.0107778366655111,34.8799095153809,9.81143856048584,-1.75,57.25,1.10175227621051
"351",1,-53,0.464950650930405,282.649749755859,0.00566753325983882,34.4056510925293,10.438455581665,5.75,57.25,1.22083005322367
"352",1,-128,0.647545039653778,271.856964111328,0.0122358715161681,35.3195152282715,11.4888000488281,-8.75,57.25,1.12023135652907
"353",1,-112,0.509549736976624,279.964233398438,0.0068341726437211,35.0552101135254,10.5022001266479,0.75,57.25,1.15570845900608
"354",1,-58,0.476693481206894,281.670867919922,0.00511824665591121,34.7787590026855,10.3023500442505,4.25,57.25,1.21403560149589
"357",1,-50,0.475346744060516,281.945037841797,0.00526765594258904,34.6876678466797,10.3342056274414,4.75,57.25,0.321173101410672
"358",1,-67,0.45831486582756,282.921325683594,0.00565326167270541,34.2173004150391,10.5010690689087,6.25,57.25,1.20578865109924
"360",1,-52,0.463903069496155,282.902008056641,0.00521392282098532,33.9959564208984,10.6001348495483,7.25,57.25,1.17341135933278
"361",1,-122,0.480487465858459,279.767517089844,0.00617458671331406,35.0587005615234,10.5167045593262,1.25,57.25,1.55400085582756
"363",1,-44,0.492287814617157,282.955993652344,0.00583731383085251,33.7292518615723,10.6292581558228,7.75,57.25,1.09543907649485
"364",1,-119,0.451103538274765,279.745086669922,0.00542581640183926,35.0478858947754,10.4933614730835,1.75,57.25,1.15676357885374
"366",1,-30,0.527230024337769,283.388458251953,0.00750994402915239,33.4512825012207,10.626763343811,8.25,57.25,1.16113148307981
"367",1,-87,0.555160403251648,279.737274169922,0.00728311156854033,35.0121994018555,10.3388357162476,-0.25,57.25,1.15189662906465
"368",1,-16,0.561608850955963,283.793884277344,0.00922359339892864,33.2166137695312,10.5969200134277,8.75,57.25,1.16266766522312
"369",1,-76,0.443362802267075,280.663208007812,0.00461791176348925,34.9763069152832,10.376558303833,2.75,57.25,1.18917235062646
"370",1,-329,0.448253244161606,289.378356933594,0.00503524672240019,31.2805194854736,10.4893579483032,8.25,57.75,1.12998080148304
"372",1,-91,0.470113426446915,280.831329345703,0.00556428311392665,35.0015411376953,10.3544511795044,2.25,57.75,1.18880595359753
"373",1,-122,0.567616105079651,279.512329101562,0.00792578607797623,35.1106948852539,10.3262510299683,-0.25,57.75,1.12078015989658
"374",1,-169,0.462325096130371,287.759460449219,0.00515927886590362,32.169849395752,10.5614595413208,8.75,57.75,1.07352607002549
"375",1,-107,0.590571105480194,279.130706787109,0.00832480750977993,35.1034698486328,10.2234897613525,-0.75,57.75,1.17651151717296
"377",1,-65,0.49881437420845,281.540374755859,0.00631223386153579,34.878475189209,10.2706661224365,3.25,57.75,1.23313983026431
"380",1,-70,0.513659596443176,281.964904785156,0.00685968855395913,34.7706184387207,10.3000726699829,3.75,57.75,1.08350028067743
"382",1,-80,0.62513667345047,278.861083984375,0.00901496410369873,35.0752830505371,10.0537939071655,-1.25,57.75,1.20097371180222
"383",1,-105,0.502008557319641,284.530578613281,0.00697787944227457,33.740665435791,10.4211320877075,5.25,57.75,1.11806341333778
"384",1,-154,0.535574793815613,269.517852783203,0.00977819319814444,35.3743324279785,11.4629364013672,-9.25,57.75,1.1644999185545
"385",1,-145,0.548507869243622,280.033905029297,0.00775121664628386,35.115291595459,10.38258934021,0.25,57.75,1.21601077770777
"386",1,-56,0.669095516204834,278.9892578125,0.0106518426910043,34.9502944946289,9.92992401123047,-1.75,57.75,1.12393123754342
"387",1,-132,0.531045973300934,280.123870849609,0.00745774665847421,35.1078567504883,10.421630859375,0.75,57.75,1.1584481680273
"389",1,-64,0.517237186431885,282.746276855469,0.00735255470499396,34.5926780700684,10.3425149917603,4.25,57.75,1.25162986183176
"390",1,-27,0.732392966747284,279.451873779297,0.0140447122976184,34.6405181884766,10.1092338562012,-2.75,57.75,1.20541959568485
"393",1,-128,0.507638216018677,280.131439208984,0.00680412771180272,35.0862846374512,10.4450359344482,1.25,57.75,1.34171372169549
"394",1,-103,0.622842788696289,279.729553222656,0.0094512989744544,35.1814842224121,10.1959428787231,-1.25,58.25,1.16026444159367
"395",1,-123,0.796726703643799,275.148071289062,0.0138974897563457,35.2595024108887,10.7401838302612,-7.25,58.25,1.20499452255845
"396",1,-129,0.504164814949036,280.362426757812,0.00701429089531302,35.1146125793457,10.3987245559692,1.25,58.25,1.206126931539
"397",1,-93,0.665100753307343,279.298919677734,0.0101069314405322,35.150218963623,10.1100282669067,-1.75,58.25,1.0990899325066
"398",1,-51,0.73254531621933,274.144134521484,0.0138104083016515,35.2936515808105,10.9647197723389,-7.75,58.25,1.18056569567726
"400",1,-105,0.497368186712265,280.51904296875,0.00652815913781524,35.0664176940918,10.3708190917969,1.75,58.25,1.25267662466593
"401",1,-77,0.49863263964653,281.103057861328,0.00653022201731801,35.0175590515137,10.3085889816284,2.25,58.25,1.15386151019031
"402",1,-44,0.721120297908783,278.577606201172,0.0103092836216092,35.0114936828613,10.0246305465698,-2.75,58.25,1.12682004141613
"404",1,-71,0.513513922691345,281.471252441406,0.00701476540416479,34.9685401916504,10.281792640686,2.75,58.25,1.11071086658923
"405",1,-49,0.766163289546967,278.652954101562,0.0115124573931098,34.8346710205078,10.0167398452759,-3.25,58.25,1.16206258312812
"406",1,-152,0.55991131067276,270.549896240234,0.0101092886179686,35.367977142334,11.3229389190674,-8.75,58.25,1.17609665771639
"407",1,-81,0.529708325862885,282.146331787109,0.0078345974907279,34.8173332214355,10.3044481277466,3.25,58.25,1.16689363800755
"408",1,-148,0.518950939178467,280.683502197266,0.00751212891191244,35.156795501709,10.3249607086182,0.25,58.25,1.18237630563476
"409",1,-109,0.52512526512146,283.968719482422,0.00798212364315987,34.3736801147461,10.3258123397827,3.75,58.25,1.3504974533773
"410",1,-123,0.545615971088409,280.726196289062,0.00795859657227993,35.1728363037109,10.3003644943237,-0.25,58.25,1.10988350334538
"411",1,-287,0.47984454035759,268.494323730469,0.00798051245510578,35.3947410583496,11.3947925567627,-9.25,58.25,1.16412919709907
"412",1,-146,0.507907867431641,280.525756835938,0.00725751463323832,35.1407699584961,10.3665685653687,0.75,58.25,1.09674123572477
"413",1,-105,0.58148866891861,280.337493896484,0.00873917434364557,35.1847534179688,10.2646112442017,-0.75,58.25,1.14287685148757
"415",1,-135,0.501281797885895,281.143463134766,0.00737547827884555,35.1392211914062,10.23717212677,0.75,58.75,1.19465537789456
"417",1,-88,0.642467975616455,280.804473876953,0.0100528365001082,35.2252731323242,10.1328086853027,-1.25,58.75,1.16599367117859
"418",1,-109,0.520746529102325,281.302429199219,0.00760786747559905,35.0950736999512,10.2740774154663,1.75,58.75,1.12512438943757
"419",1,-94,0.701492726802826,280.143493652344,0.0114008393138647,35.2175140380859,10.0697641372681,-1.75,58.75,1.17290631904842
"420",1,-74,0.74046379327774,279.532745361328,0.0115371830761433,35.1699523925781,9.97473907470703,-2.25,58.75,1.2453948179643
"421",1,-109,0.548138678073883,282.143737792969,0.00846111588180065,34.8986549377441,10.265456199646,2.75,58.75,1.08973802475021
"422",1,-79,0.715021073818207,277.333526611328,0.0104261720553041,35.0252876281738,10.123462677002,-3.75,58.75,1.2391248217124
"423",1,-618,0.492056995630264,269.054351806641,0.00759677635505795,35.3872337341309,11.2005271911621,-8.25,58.75,1.32662142260564
"424",1,-96,0.727765202522278,277.344787597656,0.0106910690665245,35.0641250610352,10.2335119247437,-4.25,58.75,1.09167230329011
"425",1,-103,0.544784307479858,283.811218261719,0.00868984963744879,34.4299011230469,10.2709999084473,3.25,58.75,1.12463223415435
"426",1,-103,0.762141525745392,275.966156005859,0.0133648980408907,35.1432113647461,10.6000490188599,-5.75,58.75,1.18184122008345
"427",1,-148,0.505299746990204,281.184051513672,0.00754841975867748,35.1610260009766,10.2028341293335,0.25,58.75,0.0187724179716511
"428",1,-126,0.580044031143188,281.244964599609,0.00895577296614647,35.2136611938477,10.1793794631958,-0.75,58.75,1.17802438871039
"429",1,-112,0.766161561012268,274.967864990234,0.0144124794751406,35.2731819152832,10.7558460235596,-6.25,58.75,1.18583268153247
"430",1,-119,0.564621865749359,282.183227539062,0.0087656918913126,34.9818420410156,10.130054473877,1.75,59.25,1.13592601232937
"431",1,-82,0.746988952159882,280.191711425781,0.0132111124694347,35.2284126281738,9.90840911865234,-1.75,59.25,1.21330609353962
"432",1,-63,0.777596354484558,279.574523925781,0.0123289171606302,35.1754455566406,9.86294460296631,-2.25,59.25,1.18123527133037
"433",1,-95,0.735202789306641,275.837585449219,0.0134629895910621,35.2798690795898,10.6521444320679,-5.25,59.25,1.21532143287054
"434",1,-97,0.715364813804626,275.198577880859,0.0133045250549912,35.3189315795898,10.7316122055054,-5.75,59.25,1.1321653344884
"435",1,-108,0.7006796002388,277.138610839844,0.0103900572285056,35.1345977783203,10.3076734542847,-3.75,59.25,1.22781588016567
"436",1,-104,0.724352240562439,276.846405029297,0.0122156208381057,35.2155952453613,10.4506921768188,-4.25,59.25,1.19994934416607
"437",1,-120,0.741445958614349,276.507690429688,0.0130010498687625,35.2491226196289,10.550576210022,-4.75,59.25,1.1347566134064
"438",1,-135,0.608852744102478,281.773315429688,0.00983235985040665,35.2256507873535,10.082558631897,-0.75,59.25,1.14805223924537
"439",1,-125,0.536679983139038,282.193115234375,0.00845654308795929,35.1386222839355,10.0804872512817,0.75,59.25,1.33878906829799
"440",1,-114,0.68777197599411,281.364105224609,0.011929078027606,35.2478713989258,10.002067565918,-1.25,59.25,1.12698903295694
"441",1,-99,0.732016205787659,281.562866210938,0.013786043971777,35.2798385620117,9.85799503326416,-1.25,59.75,-0.0322377497222409
"442",1,-108,0.761356949806213,278.962371826172,0.012808351777494,35.2422027587891,9.92292785644531,-2.25,59.75,1.17918778531691
"443",1,-79,0.745766699314117,278.502716064453,0.0127370804548264,35.1977424621582,10.0132427215576,-2.75,59.75,1.12391133882397
"444",1,-146,0.612548887729645,273.449066162109,0.0103178322315216,35.3484191894531,10.7456493377686,-5.25,59.75,1.20415557792616
"458",0,-133,0.686184704303741,269.089477539062,0.01467380579561,35.3045845031738,12.0735864639282,-10.625,53.9583333333333,1.12205928474201
"462",0,-95,0.525186061859131,281.282562255859,0.00746406335383654,35.0532150268555,10.2810516357422,2.29166666666666,58.625,1.19473812851289
"464",0,-117,0.656995594501495,281.844390869141,0.0117071066051722,35.2693176269531,10.0243244171143,-0.708333333333336,59.7083333333333,1.47411402653202
"476",0,-137,0.353012144565582,259.012145996094,0.00491381622850895,35.3991928100586,14.2150974273682,-5.625,47.7083333333333,1.08647669984863
"479",0,-2108,0.419793277978897,267.405181884766,0.00727247213944793,35.4040985107422,11.5424633026123,-10.375,57.7916666666667,1.18340389183785
"487",0,-118,0.463991701602936,279.491394042969,0.00555935315787792,35.041805267334,10.5679950714111,0.958333333333332,56.875,1.1285397080298
"489",0,-30,0.684052169322968,277.857391357422,0.00893465802073479,33.757080078125,11.5078439712524,6.20833333333333,54.0416666666667,1.14515940395409
"490",0,-4740,0.348498731851578,255.470748901367,0.00758860865607858,35.6628150939941,15.1630792617798,-6.54166666666667,46.2916666666667,1.46213223449776
"491",0,-4779,0.325803935527802,254.721801757812,0.00714103598147631,35.678596496582,15.2284822463989,-6.95833333333333,46.0416666666667,1.35600835976658
"496",0,-88,0.553694546222687,279.673919677734,0.00721474504098296,34.9991226196289,10.3528137207031,-0.291666666666668,57.125,1.17343830402334
"499",0,-55,0.440726429224014,281.808319091797,0.00399703159928322,34.6846084594727,10.4057950973511,5.125,56.9583333333333,1.22802074524251
"507",0,-4775,0.325678467750549,254.796020507812,0.00715362280607224,35.6761932373047,15.2616624832153,-6.70833333333333,46.0416666666667,1.26914731531607
"508",0,-112,0.596893608570099,273.691925048828,0.00601735524833202,34.3516464233398,11.5260887145996,-5.29166666666667,53.125,1.18946130222841
"511",0,-29,0.447975397109985,281.535461425781,0.00415807217359543,34.1607246398926,10.7039833068848,6.875,56.7916666666667,1.13477002110183
"512",0,-27,0.732392966747284,279.451873779297,0.0140447122976184,34.6405181884766,10.1092338562012,-2.70833333333334,57.7083333333333,1.20541959568485
"515",0,-54,0.721761643886566,258.147857666016,0.00906573049724102,34.2510871887207,14.6197423934937,-2.79166666666667,46.875,1.07120162526337
"521",0,-84,0.243460282683372,264.229858398438,0.00161153799854219,35.1098518371582,13.0965051651001,-4.375,49.2083333333333,-0.0886038241841425
"523",0,-115,0.305233508348465,265.248077392578,0.00317617366090417,35.2227516174316,13.3223495483398,-7.45833333333333,49.7916666666667,1.16424016426009
"525",0,-111,0.640140891075134,281.893585205078,0.010610481724143,34.9642028808594,10.22509765625,2.45833333333333,59.875,1.12890185638568
"527",0,-114,0.291393965482712,260.742706298828,0.00313516240566969,35.3448219299316,13.7923889160156,-5.95833333333333,48.625,1.20283791375855
"528",0,-53,0.773584604263306,278.69384765625,0.0116180907934904,35.0657424926758,9.84642219543457,-2.875,58.7083333333333,1.2075723211391
"530",0,-280,0.553931772708893,289.236907958984,0.0101590715348721,31.7377071380615,10.3626070022583,6.375,57.875,1.23388883597347
"533",0,-94,0.251758843660355,266.13916015625,0.00210079038515687,35.0678558349609,13.2334489822388,-5.54166666666667,49.625,1.24979671716438
"536",0,-72,0.761391282081604,278.484497070312,0.0113148363307118,35.1467628479004,9.97217464447021,-2.875,59.5416666666667,1.197746408992
"538",0,-90,0.743326246738434,270.822082519531,0.0134634729474783,35.2350997924805,11.7788381576538,-8.79166666666667,55.2083333333333,1.23091534397337
"540",0,-99,0.705649137496948,270.117462158203,0.0129493679851294,35.0622749328613,12.0619258880615,-10.375,53.375,0.566273760875816
"543",0,-78,0.470289051532745,278.802581787109,0.00471621006727219,34.7177734375,10.9121522903442,0.625,55.125,1.17394672112566
"547",0,-111,0.332319587469101,258.826965332031,0.00396203249692917,35.2837677001953,14.3481101989746,-4.79166666666667,47.4583333333333,1.19330571032705
"553",0,-5,0.853556513786316,275.719909667969,0.0174407605081797,34.2271690368652,11.2966985702515,-6.125,53.375,1.20707117963954
"554",0,-53,0.421329736709595,281.533172607422,0.0036204915959388,34.7272644042969,10.454158782959,5.125,56.7916666666667,1.18198707443795
"555",0,-111,0.422978103160858,278.857360839844,0.00465893652290106,34.9976234436035,10.6877403259277,1.20833333333333,56.2916666666667,1.22342927570726
"556",0,-62,0.220668911933899,267.456298828125,0.00132202077656984,34.8445091247559,12.8961629867554,-2.29166666666667,49.875,1.2260407593508
"558",0,-67,0.377993255853653,254.359817504883,0.00440357904881239,33.790771484375,16.0992164611816,-1.70833333333334,45.2083333333333,1.0674059149415
"564",0,-2558,0.213530540466309,250.429672241211,0.00377246388234198,35.489185333252,16.5155830383301,-2.95833333333334,44.7083333333333,1.2241807469842
"568",0,-4911,0.282762378454208,252.928070068359,0.00646204734221101,35.7352905273438,15.418083190918,-10.2916666666667,45.125,1.22484839391504
"569",0,-270,0.498593151569366,286.249847412109,0.00643761595711112,33.4878349304199,10.1850337982178,3.79166666666666,58.875,1.17845834510278
"577",0,-4983,0.215993583202362,251.190658569336,0.00417801924049854,35.7561492919922,15.6604747772217,-10.7916666666667,44.0416666666667,0.311625284293156
"582",0,-20,0.834617555141449,276.313323974609,0.00859883427619934,33.4317092895508,11.2921991348267,-3.79166666666667,54.2083333333333,1.14346377796929
"583",0,-718,0.278097182512283,251.729965209961,0.0044293706305325,35.6979866027832,15.5774726867676,-8.95833333333333,44.125,0.640481162172272
"586",0,-4591,0.386230230331421,256.083526611328,0.00789637770503759,35.6604156494141,14.8048477172852,-10.0416666666667,46.875,1.17703412023774
"588",0,-39,0.621566951274872,290.714508056641,0.0174940302968025,31.5635566711426,10.2019882202148,6.29166666666666,58.2916666666667,0.708789476784793
"590",0,-84,0.711883723735809,269.529724121094,0.0139762898907065,35.2573623657227,12.0191946029663,-10.5416666666667,53.7916666666667,1.16590153480807
"592",0,-102,0.608512938022614,279.902465820312,0.00925607699900866,35.1838874816895,10.2283725738525,-1.04166666666667,58.2083333333333,1.19568077874012
"595",0,-1880,0.417877674102783,269.792816162109,0.00693814223632216,35.3790283203125,11.1461429595947,-10.875,58.7916666666667,1.24048865683672
"597",0,-10,0.477025628089905,266.588104248047,0.00830752681940794,34.3639106750488,12.9970827102661,-0.0416666666666679,49.4583333333333,1.18495277633018
"598",0,-9,0.958529710769653,274.072570800781,0.0143622467294335,32.7729835510254,12.2826070785522,-4.375,51.625,1.25283363330417
"599",0,-102,0.747809529304504,272.734985351562,0.0111832553520799,35.1340980529785,11.3110876083374,-7.29166666666667,56.0416666666667,1.2201731509512
"600",0,-4799,0.238952413201332,251.285751342773,0.00455746613442898,35.6915473937988,16.0310001373291,-5.45833333333333,44.7916666666667,1.22997169954835
"611",0,-27,0.43019762635231,276.168609619141,0.00418814504519105,34.3352661132812,11.571925163269,3.375,53.375,1.36999822146973
"613",0,-80,0.562794148921967,279.500701904297,0.00751876598224044,34.9951591491699,10.3005275726318,-0.375,57.2083333333333,1.18621856222055
"614",0,-81,0.564929187297821,278.501098632812,0.00603107688948512,34.6304206848145,10.7489795684814,-0.291666666666668,55.125,1.14814683581047
"617",0,-22,0.803539276123047,275.923309326172,0.0158483572304249,34.2764854431152,11.3806657791138,-6.04166666666667,53.2083333333333,1.33856604336042
"622",0,-64,0.512312352657318,257.018859863281,0.00624788505956531,34.659065246582,14.8383522033691,-3.04166666666667,46.875,1.24060627400136
"625",0,-100,0.650137722492218,279.848358154297,0.0100462045520544,35.1921806335449,10.1634187698364,-1.45833333333334,58.375,1.23509610886732
"632",0,-114,0.24588331580162,249.109527587891,0.00748439598828554,34.9885749816895,16.689338684082,-2.45833333333334,43.4583333333333,0.811202287070008
"633",0,-4933,0.251877188682556,251.936019897461,0.00488908356055617,35.7267379760742,15.5411005020142,-9.625,44.7083333333333,1.24915077922578
"637",0,-35,1.60262775421143,279.528167724609,0.0321194864809513,31.6914596557617,12.2596168518066,-2.54166666666667,51.7083333333333,1.23942203743242
"640",0,-119,0.249842584133148,249.653717041016,0.0077618882060051,35.2222747802734,16.5499820709229,-3.20833333333334,43.5416666666667,-0.0608765350073131
"644",0,-106,0.655126452445984,268.496856689453,0.0131409289315343,35.3541984558105,11.9905204772949,-9.45833333333333,55.2083333333333,1.212806572298
"646",0,-66,0.449310004711151,281.023223876953,0.00468155415728688,34.9360694885254,10.3414258956909,3.20833333333333,57.125,1.75939652198008
"650",0,-16,0.476553291082382,262.048858642578,0.0096824960783124,34.9224052429199,13.9260339736938,-3.875,47.7916666666667,0.573309010111754
"653",0,-147,0.591790080070496,267.442108154297,0.0104661136865616,35.2663726806641,12.5672073364258,-10.875,51.7916666666667,1.22197368222298
"657",0,-2107,0.420897513628006,266.357391357422,0.00724526541307569,35.4081535339355,11.7248964309692,-10.0416666666667,57.2083333333333,1.24773833431329
"658",0,-42,0.419769078493118,276.652313232422,0.00284084537997842,34.430778503418,11.5891809463501,4.54166666666666,53.9583333333333,1.25806274112539
"664",0,-84,0.731311619281769,279.888793945312,0.0119159258902073,35.2023468017578,10.0146856307983,-1.95833333333334,58.7916666666667,1.24741420846777
"669",0,-56,0.701002597808838,257.583953857422,0.00877133477479219,34.262035369873,14.8344488143921,-2.625,46.7083333333333,1.11564617481347
"670",0,-125,0.476067125797272,265.482513427734,0.00765247223898768,35.3306465148926,13.0310106277466,-9.79166666666667,50.4583333333333,1.24164366411533
"671",0,-84,0.287320554256439,268.332763671875,0.00281581981107593,34.9004745483398,12.8793802261353,-6.125,50.4583333333333,1.24976316263582
"672",0,-131,0.582084894180298,281.276092529297,0.00914394203573465,35.2165451049805,10.1703672409058,-0.708333333333336,58.7916666666667,1.17802438871039
"676",0,-109,0.582983016967773,282.23193359375,0.00893850717693567,34.9863204956055,10.0952997207642,1.70833333333333,59.4583333333333,1.23649360870035
"684",0,-2288,0.0581267550587654,235.334259033203,0.000406479055527598,38.0564079284668,18.1781368255615,8.79166666666666,43.2916666666667,1.23370538091976
"686",0,-4528,0.417034804821014,256.532043457031,0.00851363502442837,35.6484260559082,14.8812284469604,-7.95833333333333,46.875,1.23654406993457
"687",0,-41,0.699128270149231,275.380249023438,0.0109985508024693,34.8247222900391,10.535346031189,-5.95833333333333,56.7916666666667,1.24319686638843
"693",0,-121,0.313990443944931,260.321563720703,0.00366199156269431,35.381160736084,13.9064159393311,-6.20833333333333,48.5416666666667,1.26445281145619
"697",0,-4618,0.310394316911697,254.465179443359,0.00605264818295836,35.6621475219727,15.5184879302979,-5.375,45.9583333333333,1.26980036825079
"700",0,-4477,0.42879244685173,257.039520263672,0.00870973896235228,35.641544342041,14.7032127380371,-9.20833333333333,47.2916666666667,0.777983057322054
"703",0,-267,0.464448481798172,287.502593994141,0.00593790365383029,32.3499603271484,10.1010341644287,4.70833333333333,58.9583333333333,1.26946484841423
"707",0,-122,0.705060184001923,273.355438232422,0.0126426927745342,35.2732734680176,11.3146448135376,-8.375,57.2916666666667,0.488808177761427
"712",0,-52,0.313833862543106,271.66357421875,0.00369362742640078,34.6959266662598,12.668062210083,-2.625,50.375,1.27445106219302
"718",0,-1677,0.433587491512299,265.043975830078,0.00748816272243857,35.4114952087402,11.9344234466553,-9.79166666666667,56.2083333333333,1.23789098886965
"720",0,-54,0.449041694402695,282.001190185547,0.00442120060324669,34.6102828979492,10.4050312042236,5.29166666666666,57.0416666666667,1.25912036740695
"721",0,-81,0.278842002153397,267.792358398438,0.00273510487750173,34.9629669189453,12.8576126098633,-6.29166666666667,50.2083333333333,1.43319124930172
"724",0,-67,0.727963447570801,279.374816894531,0.0133812269195914,34.7001342773438,10.1173181533813,-2.70833333333334,57.7916666666667,1.20541959568485
"725",0,-40,0.314721345901489,242.076126098633,0.00659638829529285,37.2068290710449,16.764778137207,3.70833333333333,43.2916666666667,1.26554122160003
"726",0,-4924,0.251974821090698,251.961181640625,0.00494828587397933,35.7292709350586,15.5371179580688,-9.70833333333333,44.7083333333333,1.24915077922578
"731",0,-29,0.779720664024353,278.546081542969,0.0128731708973646,33.4886627197266,11.5536794662476,6.04166666666666,53.875,1.48029903100779
"733",0,-141,0.689362406730652,277.021881103516,0.0125597072765231,35.2290000915527,10.4724893569946,-3.875,59.7083333333333,1.27641713374149
"734",0,-21,0.440450936555862,278.511016845703,0.00456205988302827,34.7658157348633,10.7909622192383,1.875,55.0416666666667,1.27549237830902
"738",0,-50,0.713191568851471,276.083679199219,0.0155475353822112,34.5137214660645,12.1901626586914,-7.45833333333333,51.9583333333333,-0.951721076698415
"745",0,-109,0.524136424064636,279.998657226562,0.00707470299676061,35.0694160461426,10.4743585586548,0.791666666666664,57.375,-1.26968190241668
"747",0,-14,0.694179236888885,277.080810546875,0.0112975798547268,34.138500213623,10.4195756912231,0.291666666666664,53.625,0.517281808928149
"748",0,-4899,0.258842885494232,252.114547729492,0.00524022802710533,35.7037544250488,15.6034622192383,-8.45833333333333,44.7916666666667,-0.131999624605599
"751",0,-125,0.31968954205513,264.201354980469,0.00368601712398231,35.3012962341309,13.4193820953369,-7.625,49.5416666666667,-0.0230329962442067
"752",0,-101,0.265206068754196,262.930511474609,0.00236846809275448,35.1516189575195,12.8719482421875,-4.79166666666667,48.7916666666667,-0.412400968254233
"755",0,-8,1.33077502250671,277.641204833984,0.0360526591539383,34.0656967163086,12.1874208450317,0.875,51.4583333333333,-1.12232850391234
"760",0,-3734,0.249847158789635,251.721771240234,0.00444522639736533,35.7151870727539,15.5762968063354,-9.20833333333333,44.375,-1.01607776458138
"770",0,-352,0.073548935353756,236.848556518555,0.000968853069934994,38.1228713989258,18.4292736053467,8.20833333333333,43.875,-1.59836376958713
"772",0,-886,0.415361016988754,270.323364257812,0.00732605950906873,35.3750877380371,10.7551231384277,-7.625,59.625,-0.426385821329713
"774",0,-4811,0.253931939601898,252.259399414062,0.00556886568665504,35.7400398254395,15.514518737793,-10.4583333333333,44.7083333333333,-1.15903891888339
"780",0,-87,0.256393581628799,266.736022949219,0.00210623536258936,35.0320014953613,13.1606597900391,-5.375,49.7083333333333,-0.255263014628804
"786",0,-59,0.413420110940933,277.724578857422,0.00366969546303153,34.6073608398438,10.6682291030884,1.625,54.0416666666667,-1.08790760218649
"788",0,-99,0.508554697036743,285.172271728516,0.00720449257642031,33.8777084350586,10.3605422973633,4.70833333333333,57.9583333333333,-1.08698768107318
"789",0,-4,0.722112655639648,275.850402832031,0.0111944209784269,34.8581199645996,10.4485292434692,-5.95833333333333,57.2083333333333,-1.0122246318487
"790",0,-120,0.507671892642975,264.649261474609,0.00900273211300373,35.4056968688965,13.2491941452026,-10.125,50.2916666666667,-0.00379856253856423
"791",0,-3,0.612589597702026,272.660339355469,0.00862667616456747,33.2751274108887,12.1733446121216,-4.70833333333333,51.7083333333333,-0.00396435733492284
"792",0,-4158,0.434816598892212,256.9814453125,0.00879041384905577,35.6433982849121,14.7801713943481,-8.45833333333333,47.125,-0.0177234849926184
"795",0,-4858,0.267358660697937,252.962677001953,0.00550609361380339,35.6932106018066,15.6172065734863,-6.54166666666667,45.2916666666667,-0.87354488123369
"797",0,-4,0.686326682567596,272.505920410156,0.010886562988162,34.0167121887207,12.5786905288696,1.95833333333333,50.9583333333333,-0.743820952715581
"801",0,-70,0.253031194210052,253.707855224609,0.00321725872345269,34.4061660766602,15.7864217758179,-2.04166666666667,45.7083333333333,-0.532338831109007
"805",0,-22,0.482546418905258,271.958099365234,0.0130552286282182,33.9517021179199,12.621148109436,-0.208333333333336,50.7083333333333,0.696390549319732
"807",0,-96,0.263175398111343,262.720703125,0.00232895254157484,35.1705131530762,12.9271049499512,-4.875,48.7916666666667,-0.412400968254233
"812",0,-31,0.43156909942627,278.765228271484,0.00434981565922499,34.8089942932129,10.795280456543,2.625,55.2083333333333,0.47991019046423
"816",0,-161,0.512142896652222,281.177764892578,0.00765282055363059,35.1711845397949,10.2202205657959,0.125,58.625,-0.638854392029623
"817",0,-96,0.696899771690369,270.151153564453,0.0130828386172652,35.0058937072754,12.1360816955566,-10.375,53.2916666666667,0.566273760875816
"822",0,-4769,0.293271094560623,251.538360595703,0.00501746730878949,35.6711959838867,15.7399549484253,-7.95833333333333,44.375,-0.256209590343328
"824",0,-109,0.407384842634201,266.229736328125,0.00550987431779504,35.2509689331055,12.9736518859863,-8.95833333333333,50.4583333333333,-0.108820928652197
"826",0,-280,0.480018436908722,286.376068115234,0.00588839128613472,32.9120445251465,10.1012887954712,4.375,59.7083333333333,-0.604596706886552
"827",0,-78,0.234914630651474,264.409362792969,0.00157304760068655,35.1086730957031,13.1563148498535,-4.45833333333333,49.2916666666667,-0.0886038241841425
"828",0,-27,0.705781161785126,275.372283935547,0.00610142387449741,33.6581573486328,11.2877206802368,-4.125,54.125,-0.283375163102208
"831",0,-30,0.875088393688202,275.488952636719,0.0139993177726865,33.783618927002,12.0380592346191,3.375,52.5416666666667,-0.00398696149051881
"855",0,-105,0.635028302669525,268.955230712891,0.0112641649320722,35.1847724914551,12.3326072692871,-10.625,52.875,-0.00464789420998044
"856",0,-2282,0.215658769011497,251.35270690918,0.00397637905552983,35.0447731018066,16.5402641296387,-2.375,44.7916666666667,-0.877580437208965
"858",0,-12,0.582485496997833,283.216033935547,0.00815962068736553,32.898624420166,10.5765571594238,8.125,56.4583333333333,-1.16289221303307
"864",0,-83,0.459177732467651,280.539855957031,0.0052567645907402,35.015998840332,10.3931465148926,2.20833333333333,57.5416666666667,-0.900491686998585
"865",0,-700,0.421169936656952,257.736602783203,0.00723544368520379,35.5589179992676,14.2919130325317,-6.70833333333333,47.4583333333333,-1.25517807560318
"870",0,-7,0.502205014228821,256.702301025391,0.0118479328230023,32.2813949584961,15.2908535003662,-1.20833333333334,45.5416666666667,-0.0042688548148686
"876",0,-213,0.31156724691391,255.225387573242,0.00376800866797566,35.4779586791992,15.0244255065918,-4.625,46.625,-0.00409194124316279
"878",0,-18,0.643868446350098,273.242248535156,0.00891947653144598,34.227222442627,12.1448802947998,1.625,51.875,-1.03629850002586
"884",0,-115,0.312490284442902,267.307708740234,0.00348498485982418,35.1195983886719,13.1182718276978,-7.20833333333333,50.375,-1.08861033106225
"888",0,-44,0.6091428399086,288.969482421875,0.00996328052133322,32.0613098144531,9.93909645080566,5.45833333333333,58.875,-0.0737682118282992
"889",0,-4601,0.261116713285446,252.747894287109,0.0052539873868227,35.6938896179199,15.7006330490112,-6.375,45.2083333333333,-0.977420170083259
"891",0,-4429,0.304014354944229,254.227630615234,0.0055080889724195,35.6533088684082,15.5422315597534,-5.125,45.9583333333333,-1.1714167737937
"897",0,-44,0.282237738370895,277.866180419922,0.00191221281420439,34.7045783996582,11.1861085891724,3.95833333333333,54.625,-0.926170932784958
"898",0,-47,0.695114433765411,275.500427246094,0.0105918273329735,34.8438949584961,10.5944442749023,-6.125,56.9583333333333,-1.5580270492762
"901",0,-124,0.291129648685455,262.365325927734,0.00314064742997289,35.3357429504395,13.6435041427612,-6.625,49.0416666666667,-1.23811336517077
"908",0,-4656,0.331480711698532,255.104827880859,0.00707131298258901,35.6600608825684,15.3512439727783,-5.875,46.125,-0.15156941595762
"910",0,-63,0.329388052225113,270.457824707031,0.00647937366738915,34.8322448730469,12.8793516159058,-3.95833333333334,50.125,-0.288744293960831
"911",0,-35,0.335119217634201,266.851806640625,0.00289870612323284,34.5377731323242,12.9152450561523,-0.375,49.7916666666667,-0.0641868332076494
"916",0,-1016,0.337560474872589,252.648696899414,0.00651460373774171,35.6910057067871,15.4884014129639,-9.54166666666667,43.4583333333333,-1.08088784841143
"917",0,-59,0.465782433748245,281.920227050781,0.00476444559171796,34.7190589904785,10.3390560150146,4.79166666666666,57.125,0.321173101410672
"928",0,-2875,0.270472258329391,251.470855712891,0.00425093807280064,35.7299041748047,15.6429738998413,-9.875,43.5416666666667,-0.00438705580075721
"932",0,-44,0.400296032428741,277.704467773438,0.00337999779731035,34.6537055969238,10.7401094436646,1.79166666666666,54.2083333333333,0.244883524358459
"937",0,-164,0.51021546125412,260.945129394531,0.0102285267785192,35.5327301025391,13.8704013824463,-9.125,48.7083333333333,-1.19726899110636
"939",0,-83,0.747623383998871,277.201690673828,0.0119519764557481,35.0879592895508,10.3714256286621,-4.70833333333333,58.875,-0.0221106657901911
"943",0,-112,0.264547288417816,261.623138427734,0.00258331489749253,35.289234161377,13.5668115615845,-5.79166666666667,48.875,-0.553757822317286
"950",0,-2788,0.269822001457214,252.862808227539,0.00386189925484359,35.5808563232422,15.7796573638916,-4.20833333333333,45.7916666666667,-1.27342621461586
"951",0,-67,0.417127281427383,280.68212890625,0.00369635317474604,34.9058685302734,10.5363521575928,4.04166666666666,56.2916666666667,-1.16159680625402
"952",0,-142,0.396345615386963,263.100158691406,0.00547922868281603,35.4026832580566,13.5599336624146,-8.54166666666667,49.375,-1.04886591393399
"955",0,-15,0.297428607940674,264.805999755859,0.0065184491686523,34.7586669921875,13.2436428070068,-2.79166666666667,48.7083333333333,-0.910309374931506
"956",0,-47,0.317739754915237,279.052886962891,0.0023725526407361,34.7522315979004,10.8977098464966,4.79166666666666,55.2916666666667,0.301505338557098
"957",0,-3245,0.221480116248131,250.938064575195,0.00351825170218945,35.5857086181641,16.276819229126,-3.54166666666667,45.0416666666667,-1.05577290581978
"962",0,-2469,0.318987935781479,252.205017089844,0.00623765820637345,35.6985969543457,15.5912132263184,-9.79166666666667,43.125,-1.55252416751694
"963",0,-90,0.436604201793671,278.960998535156,0.00497727049514651,34.9571228027344,10.6823797225952,0.875,56.125,-0.0215146973548829
"970",0,-19,1.29005825519562,275.003997802734,0.0474659018218517,34.0518417358398,12.8254947662354,0.958333333333332,50.0416666666667,-0.0951558140985176
"972",0,-28,0.38876947760582,275.227111816406,0.00348480744287372,34.3679275512695,11.4285163879395,2.625,53.125,0.333187562868737
"976",0,-20,0.631857752799988,281.934265136719,0.00824814196676016,32.4873886108398,10.8809404373169,7.70833333333333,55.125,-1.34111274971474
"981",0,-83,0.474330753087997,258.263610839844,0.0066444999538362,34.8646354675293,14.6778345108032,-3.375,47.125,-0.00805983084023644
"985",0,-60,0.682914793491364,274.674957275391,0.013336562551558,35.3264541625977,10.8291492462158,-6.20833333333333,59.125,-1.30062090207606
"990",0,-116,0.724586665630341,273.722534179688,0.0123819336295128,35.238452911377,11.2310037612915,-8.20833333333333,57.2916666666667,-0.0399240635640335
"993",0,-66,0.25865775346756,253.485015869141,0.00319879385642707,34.3688278198242,15.8992109298706,-1.95833333333334,45.625,-0.532338831109007
"994",0,-69,0.529839038848877,278.457580566406,0.00638096872717142,34.7353401184082,10.5494165420532,-0.708333333333336,55.7083333333333,-0.0422538594147333
"997",0,-4742,0.240416347980499,251.578201293945,0.00455323606729507,35.6926422119141,16.0296478271484,-5.29166666666667,44.875,-1.32234365185267
"1005",0,-280,0.465185910463333,286.478088378906,0.00545065896585584,32.9052314758301,10.1305170059204,4.125,59.2083333333333,-1.14911718533433
"1008",0,-3547,0.461462408304214,257.682250976562,0.00928429886698723,35.6286888122559,14.5359334945679,-9.20833333333333,47.625,-0.0707872946463822
"1014",0,-121,0.514092564582825,284.908996582031,0.00760856457054615,34.0156555175781,10.3212108612061,4.04166666666666,58.2083333333333,-0.921007293745086
"1020",0,-3463,0.460763156414032,258.017883300781,0.00931476429104805,35.6256370544434,14.433629989624,-9.875,47.875,-0.360292043706427
"1026",0,-138,0.641507089138031,267.361358642578,0.0131123969331384,35.3633346557617,12.0513515472412,-10.4583333333333,54.4583333333333,-0.108353513635916
"1036",0,-66,0.604798197746277,278.726501464844,0.00828949175775051,34.9817962646484,10.0672159194946,-1.04166666666667,57.375,-1.33012504207034
"1041",0,-56,0.422882050275803,281.464111328125,0.00388291152194142,34.8352127075195,10.4419002532959,4.54166666666666,56.625,-0.0331302520562317
"1042",0,-6,0.629044115543365,261.816802978516,0.013071620836854,34.6683158874512,13.9315814971924,-3.375,47.7083333333333,-0.738075178758719
"1043",0,-129,0.294521927833557,264.269226074219,0.00315945269539952,35.2671089172363,13.4268751144409,-7.20833333333333,49.5416666666667,-1.13684602641586
"1044",0,-56,0.536743104457855,288.272277832031,0.0087491711601615,32.2569046020508,9.93626403808594,5.125,59.2083333333333,-0.16869274804291
"1045",0,-41,0.403081744909286,276.623840332031,0.00265774410218,34.3543548583984,11.5665407180786,5.125,54.2083333333333,-0.00426720955687084
"1046",0,-724,0.243472814559937,252.182830810547,0.00372583046555519,35.412841796875,16.1279621124268,-3.29166666666667,45.4583333333333,-0.00708353704114379
"1055",0,-59,1.13975584506989,277.912811279297,0.0202119313180447,33.2027893066406,11.2750968933105,-3.20833333333334,54.2083333333333,-1.17300351152124
"1056",0,-205,0.601049959659576,290.851440429688,0.0190311372280121,31.5735664367676,10.2168521881104,6.29166666666666,58.2083333333333,0.708789476784793
"1060",0,-2,1.36425018310547,283.358001708984,0.027961315587163,33.5209541320801,9.84445571899414,-3.375,55.9583333333333,-0.413389518288685
"1064",0,-4861,0.248352602124214,251.468566894531,0.00473823351785541,35.6932067871094,15.9092044830322,-6.375,44.7083333333333,-1.22604476045111
"1065",0,-9,0.298187226057053,263.169525146484,0.0036638614255935,35.1305160522461,12.8705835342407,-4.54166666666667,48.625,-0.839267623321445
"1075",0,-126,0.249663293361664,249.832794189453,0.00914963614195585,35.1939468383789,16.5714836120605,-3.125,43.5416666666667,-0.0608765350073131
"1076",0,-127,0.589655637741089,282.441558837891,0.00979172065854073,35.1801490783691,10.0622024536133,0.708333333333332,59.7916666666667,-0.0272104561948598
"1078",0,-19,0.44770684838295,276.739044189453,0.00426232581958175,34.435115814209,10.7171096801758,1.45833333333333,53.5416666666667,-1.33987914275442
"1081",0,-80,0.693229615688324,278.833557128906,0.0108012426644564,34.8147583007812,9.82524299621582,-1.79166666666667,56.9583333333333,-0.349217027501131
"1086",0,-30,0.532288730144501,282.623229980469,0.00750463083386421,33.4356727600098,10.6862459182739,7.625,56.7083333333333,0.243865045702988
"1089",0,-107,0.744291245937347,275.305511474609,0.0143859833478928,35.3011741638184,10.7812156677246,-6.20833333333333,58.875,-0.0258712550000425
"1093",0,-19,1.67204821109772,281.732849121094,0.0431520491838455,30.6330451965332,12.0648860931396,4.125,52.2083333333333,0.219245951130658
"1095",0,-87,0.353841304779053,270.012115478516,0.00334986206144094,34.559398651123,12.8070392608643,-5.875,51.375,-0.320093904933726
"1097",0,-156,0.420428574085236,259.020355224609,0.00717746699228883,35.5125198364258,14.045994758606,-7.04166666666667,48.0416666666667,-1.19712860879767
"1099",0,-2,1.11502885818481,276.769714355469,0.0282838866114616,34.0956344604492,12.1530961990356,1.125,51.7916666666667,0.0346216293911112
"1102",0,-252,0.494100153446198,287.043182373047,0.00760552147403359,32.52978515625,10.043514251709,4.70833333333333,59.625,-1.18339970631236
"1108",0,-68,0.374694019556046,277.500366210938,0.0029356877785176,34.6327705383301,10.8681879043579,2.125,54.0416666666667,-1.35870830043894
"1113",0,-22,1.37331891059875,279.695068359375,0.0288013052195311,31.6251430511475,11.873875617981,5.375,52.9583333333333,-0.167611411698344
"1119",0,-101,0.484342038631439,280.347473144531,0.00617609079927206,35.0514945983887,10.4190320968628,1.79166666666666,57.7916666666667,-1.44579687870275
"1120",0,-40,0.463687986135483,273.238616943359,0.00484813610091805,34.2806510925293,11.8342618942261,2.45833333333333,52.4583333333333,-0.122325067373081
"1122",0,-1288,0.358190774917603,256.268005371094,0.00581578491255641,35.5483436584473,14.7407140731812,-5.54166666666667,46.875,-0.924561650071269
"1123",0,-79,0.283954262733459,264.840698242188,0.0053776134736836,35.0593719482422,12.9762086868286,-4.04166666666667,48.875,-1.08751851025754
"1130",0,-51,0.588324427604675,273.835662841797,0.00546559039503336,34.1617889404297,11.3621740341187,-4.95833333333333,53.9583333333333,-0.503738654005249
"1131",0,-109,0.279483318328857,260.983306884766,0.00282242218963802,35.3126335144043,13.6472501754761,-5.70833333333333,48.625,-0.954565580963303
"1132",0,-45,0.551052927970886,270.016326904297,0.00584265775978565,34.2616081237793,12.7344818115234,0.208333333333332,50.4583333333333,-0.0796799307804099
"1138",0,-2881,0.402341663837433,256.945251464844,0.0081242173910141,35.5780601501465,14.6725978851318,-6.29166666666667,47.0416666666667,-0.316705012218449
"1141",0,-1923,0.423927515745163,268.280120849609,0.00731718679890037,35.3984870910645,11.373703956604,-10.2083333333333,58.2083333333333,-0.676655907102513
"1142",0,-160,0.497712075710297,260.665496826172,0.00905913300812244,35.5569152832031,13.788800239563,-10.7916666666667,49.0416666666667,-1.11119969976206
"1148",0,-152,0.61603981256485,267.131256103516,0.01284368801862,35.3676948547363,12.0723276138306,-10.5416666666667,54.4583333333333,-0.108353513635916
"1154",0,-274,0.314823746681213,251.670150756836,0.0051302001811564,35.661548614502,15.6513576507568,-8.375,44.125,-0.96888214710262
"1156",0,-61,0.727147698402405,279.463500976562,0.0110052023082972,34.4762496948242,10.6494331359863,-0.375,54.7916666666667,0.37032562648026
"1162",0,-150,0.617125868797302,272.497924804688,0.0109104523435235,35.3501739501953,11.0068435668945,-6.70833333333333,59.0416666666667,-0.00647000626971017
"1169",0,-61,0.773948073387146,292.810668945312,0.0146596254780889,32.0020942687988,9.68924427032471,5.95833333333333,59.2083333333333,-0.852683848104768
"1170",0,-5,1.3349974155426,278.626831054688,0.0305780023336411,33.1285705566406,11.4059381484985,-3.04166666666667,53.4583333333333,-1.08860103860622
"1173",0,-38,0.787559866905212,275.231506347656,0.0131529597565532,34.1499481201172,11.2711410522461,-5.875,53.9583333333333,-0.963084166553221
"1175",0,-10,0.852656960487366,258.567199707031,0.0139615042135119,33.6639556884766,14.440881729126,-2.04166666666667,46.7083333333333,-1.1104433637952
"1176",0,-34,0.388358861207962,277.600708007812,0.00352067849598825,34.7032432556152,10.8704118728638,2.04166666666666,54.375,-0.692508205449767
"1178",0,-63,1.244992852211,278.154327392578,0.0220990926027298,33.1147804260254,11.2558135986328,-3.04166666666667,54.2083333333333,-0.0033156094444802
"1185",0,-69,0.479497700929642,278.976013183594,0.00547456089407206,34.8297576904297,10.7410316467285,0.0416666666666643,55.7083333333333,-0.00260871063255149
"1187",0,-2110,0.423789411783218,264.618743896484,0.00726012606173754,35.4126129150391,11.9652767181396,-10.2083333333333,56.0416666666667,-0.0926985975594869
"1192",0,-4488,0.42176815867424,256.892578125,0.00857153069227934,35.6477432250977,14.7202405929565,-9.20833333333333,47.2083333333333,0.777983057322054
"1196",0,-16,1.05175089836121,281.340087890625,0.0154053643345833,31.3096904754639,11.3177423477173,8.20833333333333,54.125,0.447707600711526
"1202",0,-37,0.610400438308716,268.440521240234,0.00664814235642552,34.4092216491699,12.8413591384888,0.208333333333332,50.125,-1.25827197085812
"1204",0,-6,0.466731458902359,273.228912353516,0.0117514207959175,34.2647247314453,12.6563577651978,-1.29166666666667,50.7916666666667,0.568274985760141
"1207",0,-4983,0.220957592129707,251.316589355469,0.00433696806430817,35.7538719177246,15.6371021270752,-10.7083333333333,44.125,0.311625284293156
"1208",0,-186,0.340197890996933,258.797515869141,0.00447751674801111,35.3578262329102,14.2993431091309,-5.29166666666667,47.5416666666667,-0.00616790784643039
"1221",0,-4744,0.353970259428024,254.744003295898,0.00722108222544193,35.6861267089844,15.0492572784424,-9.95833333333333,46.2916666666667,-0.00507413835526254
"1239",0,-3141,0.454914093017578,258.366638183594,0.00905019138008356,35.6167640686035,14.2303409576416,-10.375,48.2916666666667,-1.09562536350281
"1240",0,-27,0.57947301864624,277.004119873047,0.00597471417859197,34.3344345092773,10.3815011978149,0.708333333333332,53.7916666666667,0.656968073585541
"1241",0,-4805,0.264399439096451,252.106018066406,0.00541628804057837,35.6972007751465,15.6844234466553,-7.70833333333333,44.7916666666667,-1.17971458542539
"1244",0,-25,1.28753447532654,278.833251953125,0.0208461694419384,34.2911911010742,10.7508955001831,-4.79166666666667,55.625,-1.18187055670327
"1245",0,-101,0.260340362787247,261.708953857422,0.00237227370962501,35.2636985778809,13.3603820800781,-5.45833333333333,48.7916666666667,-1.13371104064361
"1248",0,-38,0.503021419048309,279.128234863281,0.00618830509483814,33.762336730957,11.3199939727783,6.625,55.125,0.877038644886279
"1254",0,-3,0.618076324462891,266.632415771484,0.0089873643592,34.3692398071289,12.9801874160767,0.208333333333332,49.4583333333333,-0.00506823083472992
"1258",0,-95,0.724926173686981,276.044921875,0.0128019405528903,35.2877731323242,10.634744644165,-4.79166666666667,59.375,-0.14385452659737
"1262",0,-121,0.313295096158981,255.53515625,0.00453513488173485,35.2443923950195,15.2591648101807,-3.70833333333334,46.7083333333333,0.570335407503102
"1264",0,-121,0.684179425239563,272.461364746094,0.0131071470677853,35.2625579833984,11.4074821472168,-8.45833333333333,56.7083333333333,-1.34967354253202
"1265",0,-98,0.630184531211853,268.809844970703,0.0113087045028806,35.1705741882324,12.2299938201904,-10.625,52.375,-1.24942191584015
"1270",0,-4555,0.397441685199738,256.226501464844,0.00830534193664789,35.654842376709,14.9056615829468,-7.20833333333333,46.7083333333333,-1.15746770505599
"1272",0,-106,0.475964814424515,268.453674316406,0.0064066662453115,35.131950378418,12.7458057403564,-8.95833333333333,50.9583333333333,-0.00425935853389917
"1278",0,-73,0.316989749670029,261.661926269531,0.00338009209372103,35.2044944763184,13.3049869537354,-5.04166666666667,48.125,-0.631488859874039
"1281",0,-4161,0.271135747432709,253.189056396484,0.00513397343456745,35.6809844970703,15.7562551498413,-5.375,45.4583333333333,-0.0763630014748297
"1285",0,-4574,0.237203672528267,251.619873046875,0.00412797322496772,35.6837387084961,16.1012077331543,-4.625,44.9583333333333,-0.00401205847326541
"1292",0,-79,0.567295551300049,279.442810058594,0.00769322225823998,35.0296096801758,10.3040819168091,-0.291666666666668,57.375,0.36031325360027
"1293",0,-4,0.851401627063751,271.589233398438,0.0204513147473335,35.0599784851074,11.6568546295166,-8.54166666666667,54.2916666666667,-0.190861695667564
"1295",0,-106,0.632663369178772,268.862945556641,0.0109906159341335,35.1923637390137,12.3402986526489,-10.625,52.7916666666667,-0.00464789420998044
"1298",0,-11,1.5636078119278,278.472686767578,0.0366250984370708,30.2998123168945,12.1314172744751,3.79166666666666,51.7083333333333,0.168949235426741
"1305",0,-1876,0.421887874603271,269.314819335938,0.00715308170765638,35.3859596252441,11.2566184997559,-10.7083333333333,58.5416666666667,-0.0107028671022352
"1307",0,-69,0.248999580740929,266.969421386719,0.00167177675757557,34.9445381164551,13.1033296585083,-3.625,49.7916666666667,-0.00726722463879324
"1311",0,-272,0.47835984826088,286.253570556641,0.00581359956413507,33.0700569152832,10.1206083297729,4.20833333333333,59.5416666666667,-0.00878945205407399
"1314",0,-973,0.0800406262278557,237.902191162109,0.00116795080248266,38.1185836791992,18.3512763977051,7.875,43.7083333333333,-1.31209777572389
"1315",0,-2298,0.074296660721302,236.785736083984,0.00045853471965529,38.1015472412109,18.1444759368896,7.20833333333333,43.2083333333333,-0.544335034526098
"1321",0,-100,0.50907164812088,285.175048828125,0.00743237277492881,33.8991394042969,10.3314352035522,4.29166666666666,58.125,-1.1752493567367
"1324",0,-96,0.419471114873886,255.968322753906,0.00533292256295681,34.785343170166,15.0701103210449,-3.04166666666667,46.7083333333333,-1.2029539757026
"1325",0,-155,0.25198221206665,252.648773193359,0.00386813143268228,35.3488311767578,16.042989730835,-3.29166666666667,45.625,-1.22221787012227
"1328",0,-4732,0.382044315338135,255.713470458984,0.00784624088555574,35.6715850830078,14.955472946167,-8.95833333333333,46.625,-0.334288045854265
"1334",0,-180,0.492646664381027,259.785797119141,0.00857287272810936,35.5422096252441,13.9695434570312,-8.20833333333333,48.375,-1.19716294578108
"1335",0,-119,0.711219072341919,272.086730957031,0.011782992631197,35.247241973877,11.5980253219604,-7.875,56.0416666666667,-1.03962072663274
"1336",0,-77,0.517086148262024,278.785583496094,0.00543159944936633,34.6656494140625,10.8811368942261,0.291666666666664,54.9583333333333,-1.18838718987893
"1346",0,-4826,0.336160808801651,254.553680419922,0.00722914515063167,35.6911010742188,15.1691379547119,-8.375,46.0416666666667,-0.0264770175157698
"1350",0,-106,0.323443204164505,254.499862670898,0.00428587011992931,34.9184608459473,15.4898948669434,-2.95833333333334,46.375,-0.895994791180398
"1351",0,-7,0.653804838657379,284.111572265625,0.0106570105999708,32.0567207336426,10.6883850097656,8.29166666666666,55.5416666666667,-1.38618913327186
"1353",0,-1225,0.429164975881577,269.612640380859,0.00727080088108778,35.3842811584473,10.9651880264282,-7.79166666666667,59.2916666666667,-0.970274774624548
"1354",0,-66,0.564649403095245,278.912414550781,0.00730310520157218,34.8866233825684,10.2146816253662,-0.958333333333336,56.7083333333333,-0.014405188412597
"1355",0,-102,0.340902537107468,266.710052490234,0.0039193807169795,35.1704788208008,13.1254873275757,-7.79166666666667,50.2916666666667,-1.12609979854465
"1356",0,-99,0.732016205787659,281.562866210938,0.013786043971777,35.2798385620117,9.85799503326416,-1.20833333333334,59.7083333333333,-0.0322377497222409
"1362",0,-111,0.519382536411285,263.014404296875,0.00966628640890121,35.4788703918457,13.5285215377808,-10.0416666666667,49.375,-0.00624163138634069
"1373",0,-79,0.268241733312607,267.519104003906,0.00225451006554067,34.9699554443359,13.1347961425781,-4.875,49.7916666666667,-0.778724574577741
"1374",0,-32,0.388918727636337,279.585235595703,0.00365836569108069,34.866641998291,10.7100419998169,4.04166666666666,55.5416666666667,-1.00616145206159
"1379",0,-3161,0.423044383525848,257.494171142578,0.00842849351465702,35.6358451843262,14.4870386123657,-10.625,47.875,-0.0571371940679279
"1396",0,-126,0.505663335323334,280.916168212891,0.00723540037870407,35.122386932373,10.3025932312012,1.20833333333333,58.625,-0.00439381212417165
"1402",0,-1315,0.227293193340302,249.613388061523,0.00421240134164691,35.5907897949219,16.4304504394531,-4.54166666666667,44.125,-1.39551574315191
"1404",0,-112,0.574555933475494,273.079559326172,0.00557830184698105,34.3528251647949,11.5682649612427,-5.20833333333333,52.9583333333333,-0.00348911533841984
"1407",0,-47,1.0529100894928,278.148498535156,0.0169146656990051,34.412670135498,10.723952293396,-5.45833333333333,55.5416666666667,-1.22546758901518
"1408",0,-139,0.581663548946381,283.926910400391,0.00923416297882795,34.5517730712891,10.2750778198242,2.95833333333333,59.0416666666667,-0.013643909037709
"1411",0,-108,0.667395830154419,269.422546386719,0.0132812140509486,35.3577728271484,11.8963212966919,-8.875,55.7083333333333,-0.00268985790855749
"1413",0,-34,0.510864078998566,261.871612548828,0.0100266467779875,34.8632469177246,14.0304021835327,-3.70833333333334,47.7083333333333,0.263076835371489
"1418",0,-4114,0.391442775726318,256.043304443359,0.00799703784286976,35.6641159057617,14.8749465942383,-9.125,46.7916666666667,-1.121789342946
"1425",0,-1132,0.406749099493027,271.927551269531,0.00679200980812311,35.3401374816895,10.6726989746094,-10.7916666666667,59.875,-0.970324375542122
"1428",0,-9,0.377173095941544,258.068542480469,0.00755003467202187,33.944393157959,14.6485538482666,-1.54166666666667,46.375,-1.38324794308638
"1431",0,-37,0.254156887531281,249.174591064453,0.00838566105812788,35.0447883605957,16.6705455780029,-2.54166666666667,43.375,0.811202287070008
"1432",0,-67,0.485741198062897,278.955383300781,0.00523117277771235,34.7333793640137,10.8646001815796,0.208333333333332,55.2916666666667,0.252362864759645
"1433",0,-574,0.28331059217453,251.723724365234,0.00447998009622097,35.6927146911621,15.5748796463013,-8.875,44.125,0.640481162172272
